Config_ID,Agent,Sims,Threads,Match_Num,Test_Is_P1,Test_Won,Total_Turns,Test_Turns,Test_Time_Sec,Base_Time_Sec
1,Sequential,2500,1,1,1,0,40,20,0.9212,0.4957
1,Sequential,2500,1,2,0,0,63,31,1.2484,0.6815
1,Sequential,2500,1,3,1,0,48,24,1.0583,0.5543
1,Sequential,2500,1,4,0,0,41,20,0.9248,0.5168
1,Sequential,2500,1,5,1,0,38,19,0.8889,0.4663
1,Sequential,2500,1,6,0,0,41,20,0.8736,0.4915
1,Sequential,2500,1,7,1,0,50,25,1.0626,0.5606
1,Sequential,2500,1,8,0,0,41,20,0.9158,0.5022
1,Sequential,2500,1,9,1,0,58,29,1.1662,0.6082
1,Sequential,2500,1,10,0,0,35,17,0.8126,0.4649
1,Sequential,2500,1,11,1,0,58,29,1.1888,0.6193
1,Sequential,2500,1,12,0,0,53,26,1.1116,0.6090
1,Sequential,2500,1,13,1,0,48,24,1.0658,0.5608
1,Sequential,2500,1,14,0,0,59,29,1.1439,0.6314
1,Sequential,2500,1,15,1,0,46,23,1.0540,0.5502
1,Sequential,2500,1,16,0,1,50,25,1.0650,0.5730
1,Sequential,2500,1,17,1,0,70,35,1.2293,0.6518
1,Sequential,2500,1,18,0,1,48,24,1.0353,0.5788
1,Sequential,2500,1,19,1,0,48,24,1.0586,0.5604
1,Sequential,2500,1,20,0,0,51,25,1.0593,0.6040
1,Sequential,2500,1,21,1,0,66,33,1.2975,0.6895
1,Sequential,2500,1,22,0,0,43,21,0.9280,0.5120
1,Sequential,2500,1,23,1,0,44,22,0.9963,0.5437
1,Sequential,2500,1,24,0,0,51,25,1.0628,0.5908
1,Sequential,2500,1,25,1,0,64,32,1.2678,0.6590
1,Sequential,2500,1,26,0,0,49,24,1.0366,0.5695
1,Sequential,2500,1,27,1,1,41,21,0.9742,0.4860
1,Sequential,2500,1,28,0,0,39,19,0.8520,0.4750
1,Sequential,2500,1,29,1,0,44,22,0.9629,0.5049
1,Sequential,2500,1,30,0,0,55,27,1.1072,0.6001
1,Sequential,2500,1,31,1,0,56,28,1.1883,0.6354
1,Sequential,2500,1,32,0,1,78,39,1.4099,0.7494
1,Sequential,2500,1,33,1,0,48,24,1.0430,0.5418
1,Sequential,2500,1,34,0,1,36,18,0.8141,0.4406
1,Sequential,2500,1,35,1,0,70,35,1.2989,0.6975
1,Sequential,2500,1,36,0,0,43,21,0.9151,0.5201
1,Sequential,2500,1,37,1,0,48,24,1.0354,0.5419
1,Sequential,2500,1,38,0,0,61,30,1.1175,0.6152
1,Sequential,2500,1,39,1,0,28,14,0.6561,0.3450
1,Sequential,2500,1,40,0,0,41,20,0.9115,0.5115
1,Sequential,2500,1,41,1,0,38,19,0.8805,0.4627
1,Sequential,2500,1,42,0,0,39,19,0.8599,0.4790
1,Sequential,2500,1,43,1,0,44,22,0.9868,0.5192
1,Sequential,2500,1,44,0,0,63,31,1.1116,0.6067
1,Sequential,2500,1,45,1,0,46,23,1.0263,0.5370
1,Sequential,2500,1,46,0,0,43,21,0.9414,0.5195
1,Sequential,2500,1,47,1,0,46,23,1.0187,0.5336
1,Sequential,2500,1,48,0,1,50,25,1.0334,0.5536
1,Sequential,2500,1,49,1,0,50,25,1.0783,0.5933
1,Sequential,2500,1,50,0,0,37,18,0.8096,0.4542
1,Sequential,2500,1,51,1,1,57,29,1.1936,0.6276
1,Sequential,2500,1,52,0,0,39,19,0.8861,0.4923
1,Sequential,2500,1,53,1,1,55,28,1.2023,0.6068
1,Sequential,2500,1,54,0,0,45,22,0.9486,0.5248
1,Sequential,2500,1,55,1,0,54,27,1.0914,0.5726
1,Sequential,2500,1,56,0,0,65,32,1.2429,0.6722
1,Sequential,2500,1,57,1,0,52,26,1.1423,0.5943
1,Sequential,2500,1,58,0,0,43,21,0.8820,0.4881
1,Sequential,2500,1,59,1,0,40,20,0.9006,0.4791
1,Sequential,2500,1,60,0,1,38,19,0.8311,0.4470
1,Sequential,2500,1,61,1,0,46,23,1.0077,0.5342
1,Sequential,2500,1,62,0,0,47,23,1.0215,0.5619
1,Sequential,2500,1,63,1,0,38,19,0.8953,0.4809
1,Sequential,2500,1,64,0,0,45,22,0.9841,0.5526
1,Sequential,2500,1,65,1,0,46,23,1.0313,0.5342
1,Sequential,2500,1,66,0,0,45,22,0.9845,0.5360
1,Sequential,2500,1,67,1,0,46,23,1.0395,0.5411
1,Sequential,2500,1,68,0,0,53,26,1.0924,0.5905
1,Sequential,2500,1,69,1,0,58,29,1.1872,0.6184
1,Sequential,2500,1,70,0,0,45,22,0.9789,0.5379
1,Sequential,2500,1,71,1,1,47,24,1.0618,0.5345
1,Sequential,2500,1,72,0,0,43,21,0.9037,0.5037
1,Sequential,2500,1,73,1,0,46,23,1.0398,0.5422
1,Sequential,2500,1,74,0,0,71,35,1.2192,0.6786
1,Sequential,2500,1,75,1,0,44,22,0.9722,0.5091
1,Sequential,2500,1,76,0,0,45,22,0.9616,0.5444
1,Sequential,2500,1,77,1,0,42,21,0.9521,0.4967
1,Sequential,2500,1,78,0,0,41,20,0.9040,0.5101
1,Sequential,2500,1,79,1,1,43,22,0.9776,0.4878
1,Sequential,2500,1,80,0,0,47,23,0.9932,0.5498
1,Sequential,2500,1,81,1,0,46,23,1.0196,0.5387
1,Sequential,2500,1,82,0,0,47,23,0.9984,0.5498
1,Sequential,2500,1,83,1,0,42,21,0.9796,0.5120
1,Sequential,2500,1,84,0,0,35,17,0.7730,0.4344
1,Sequential,2500,1,85,1,0,56,28,1.1751,0.6106
1,Sequential,2500,1,86,0,0,41,20,0.8791,0.4881
1,Sequential,2500,1,87,1,0,40,20,0.9130,0.5053
1,Sequential,2500,1,88,0,0,55,27,1.1095,0.6093
1,Sequential,2500,1,89,1,0,40,20,0.9312,0.4910
1,Sequential,2500,1,90,0,0,47,23,1.0052,0.5932
1,Sequential,2500,1,91,1,0,38,19,0.8519,0.4446
1,Sequential,2500,1,92,0,0,45,22,0.9796,0.5399
1,Sequential,2500,1,93,1,1,65,33,1.2865,0.6658
1,Sequential,2500,1,94,0,0,39,19,0.8610,0.4777
1,Sequential,2500,1,95,1,0,42,21,0.9760,0.5113
1,Sequential,2500,1,96,0,0,49,24,0.9845,0.5424
1,Sequential,2500,1,97,1,0,52,26,1.0850,0.5692
1,Sequential,2500,1,98,0,0,49,24,0.9742,0.5377
1,Sequential,2500,1,99,1,0,58,29,1.1750,0.6218
1,Sequential,2500,1,100,0,0,47,23,0.9971,0.5490
2,Leaf,2500,2,1,1,0,56,28,0.7230,0.7752
2,Leaf,2500,2,2,0,0,27,13,0.3810,0.4566
2,Leaf,2500,2,3,1,0,32,16,0.4605,0.4991
2,Leaf,2500,2,4,0,0,57,28,0.6518,0.6856
2,Leaf,2500,2,5,1,0,36,18,0.5009,0.5643
2,Leaf,2500,2,6,0,0,55,27,0.6275,0.8004
2,Leaf,2500,2,7,1,0,40,20,0.5457,0.5840
2,Leaf,2500,2,8,0,0,41,20,0.5510,0.5787
2,Leaf,2500,2,9,1,0,46,23,0.6064,0.6869
2,Leaf,2500,2,10,0,0,45,22,0.5707,0.6882
2,Leaf,2500,2,11,1,0,40,20,0.5388,0.5465
2,Leaf,2500,2,12,0,0,35,17,0.4743,0.5083
2,Leaf,2500,2,13,1,0,46,23,0.6127,0.6659
2,Leaf,2500,2,14,0,0,59,29,0.7061,0.8337
2,Leaf,2500,2,15,1,0,42,21,0.5825,0.6266
2,Leaf,2500,2,16,0,0,41,20,0.5443,0.5513
2,Leaf,2500,2,17,1,0,60,30,0.7374,0.7914
2,Leaf,2500,2,18,0,0,39,19,0.5236,0.6247
2,Leaf,2500,2,19,1,0,48,24,0.6274,0.5838
2,Leaf,2500,2,20,0,1,48,24,0.6217,0.6664
2,Leaf,2500,2,21,1,0,50,25,0.6565,0.5878
2,Leaf,2500,2,22,0,0,59,29,0.7097,0.7221
2,Leaf,2500,2,23,1,0,62,31,0.7709,0.8343
2,Leaf,2500,2,24,0,0,47,23,0.5968,0.6927
2,Leaf,2500,2,25,1,0,48,24,0.6280,0.7378
2,Leaf,2500,2,26,0,0,45,22,0.5768,0.5695
2,Leaf,2500,2,27,1,0,30,15,0.4324,0.4524
2,Leaf,2500,2,28,0,0,51,25,0.6251,0.7760
2,Leaf,2500,2,29,1,0,34,17,0.4642,0.4984
2,Leaf,2500,2,30,0,0,45,22,0.5937,0.6653
2,Leaf,2500,2,31,1,0,46,23,0.6224,0.6524
2,Leaf,2500,2,32,0,0,55,27,0.6419,0.6564
2,Leaf,2500,2,33,1,0,50,25,0.6505,0.5976
2,Leaf,2500,2,34,0,0,47,23,0.5675,0.6612
2,Leaf,2500,2,35,1,0,44,22,0.5914,0.5500
2,Leaf,2500,2,36,0,0,39,19,0.5192,0.5766
2,Leaf,2500,2,37,1,0,40,20,0.5479,0.5492
2,Leaf,2500,2,38,0,0,39,19,0.5285,0.6408
2,Leaf,2500,2,39,1,0,50,25,0.5961,0.6333
2,Leaf,2500,2,40,0,0,43,21,0.5642,0.6605
2,Leaf,2500,2,41,1,0,58,29,0.7153,0.7933
2,Leaf,2500,2,42,0,1,46,23,0.6186,0.6798
2,Leaf,2500,2,43,1,0,30,15,0.4214,0.4399
2,Leaf,2500,2,44,0,0,49,24,0.6216,0.7687
2,Leaf,2500,2,45,1,0,42,21,0.5675,0.5987
2,Leaf,2500,2,46,0,0,37,18,0.5015,0.6007
2,Leaf,2500,2,47,1,0,34,17,0.4823,0.5705
2,Leaf,2500,2,48,0,0,63,31,0.7332,0.8818
2,Leaf,2500,2,49,1,0,32,16,0.4566,0.5186
2,Leaf,2500,2,50,0,0,55,27,0.6501,0.7467
2,Leaf,2500,2,51,1,1,51,26,0.6558,0.6334
2,Leaf,2500,2,52,0,0,73,36,0.7166,0.7443
2,Leaf,2500,2,53,1,0,36,18,0.4708,0.5232
2,Leaf,2500,2,54,0,0,67,33,0.7530,0.8594
2,Leaf,2500,2,55,1,1,45,23,0.6254,0.5640
2,Leaf,2500,2,56,0,0,51,25,0.6434,0.6660
2,Leaf,2500,2,57,1,0,34,17,0.4793,0.5332
2,Leaf,2500,2,58,0,0,51,25,0.6486,0.6804
2,Leaf,2500,2,59,1,0,36,18,0.4935,0.5066
2,Leaf,2500,2,60,0,1,66,33,0.7370,0.8016
2,Leaf,2500,2,61,1,0,46,23,0.6065,0.6194
2,Leaf,2500,2,62,0,0,41,20,0.5467,0.5888
2,Leaf,2500,2,63,1,0,44,22,0.6063,0.5991
2,Leaf,2500,2,64,0,0,47,23,0.5900,0.5863
2,Leaf,2500,2,65,1,0,52,26,0.6672,0.5841
2,Leaf,2500,2,66,0,0,37,18,0.4811,0.4757
2,Leaf,2500,2,67,1,0,52,26,0.6740,0.8148
2,Leaf,2500,2,68,0,0,43,21,0.5716,0.6496
2,Leaf,2500,2,69,1,0,44,22,0.6002,0.6033
2,Leaf,2500,2,70,0,1,48,24,0.6012,0.7093
2,Leaf,2500,2,71,1,0,52,26,0.6522,0.7143
2,Leaf,2500,2,72,0,0,37,18,0.4693,0.5785
2,Leaf,2500,2,73,1,0,60,30,0.7278,0.7359
2,Leaf,2500,2,74,0,0,57,28,0.6985,0.7514
2,Leaf,2500,2,75,1,0,64,32,0.7641,0.6990
2,Leaf,2500,2,76,0,0,39,19,0.5072,0.5058
2,Leaf,2500,2,77,1,0,56,28,0.6852,0.6754
2,Leaf,2500,2,78,0,0,61,30,0.7247,0.8384
2,Leaf,2500,2,79,1,0,48,24,0.6440,0.6853
2,Leaf,2500,2,80,0,0,33,16,0.4344,0.4431
2,Leaf,2500,2,81,1,0,62,31,0.7305,0.7195
2,Leaf,2500,2,82,0,0,59,29,0.6664,0.7155
2,Leaf,2500,2,83,1,0,42,21,0.5832,0.6115
2,Leaf,2500,2,84,0,0,57,28,0.6578,0.7688
2,Leaf,2500,2,85,1,0,42,21,0.5600,0.6060
2,Leaf,2500,2,86,0,0,39,19,0.5154,0.5393
2,Leaf,2500,2,87,1,0,42,21,0.5832,0.5627
2,Leaf,2500,2,88,0,1,50,25,0.6436,0.7465
2,Leaf,2500,2,89,1,0,54,27,0.6941,0.6959
2,Leaf,2500,2,90,0,0,51,25,0.6018,0.5999
2,Leaf,2500,2,91,1,0,60,30,0.7069,0.8657
2,Leaf,2500,2,92,0,1,56,28,0.6851,0.8862
2,Leaf,2500,2,93,1,0,48,24,0.6198,0.7087
2,Leaf,2500,2,94,0,0,57,28,0.6840,0.8117
2,Leaf,2500,2,95,1,0,40,20,0.5526,0.5915
2,Leaf,2500,2,96,0,0,43,21,0.5722,0.6325
2,Leaf,2500,2,97,1,0,32,16,0.4612,0.4824
2,Leaf,2500,2,98,0,1,42,21,0.5479,0.6091
2,Leaf,2500,2,99,1,0,46,23,0.6064,0.7503
2,Leaf,2500,2,100,0,0,45,22,0.5757,0.7228
3,Leaf,2500,3,1,1,0,38,19,0.3665,0.5070
3,Leaf,2500,3,2,0,0,45,22,0.4082,0.5337
3,Leaf,2500,3,3,1,0,58,29,0.5024,0.6350
3,Leaf,2500,3,4,0,0,41,20,0.3614,0.5281
3,Leaf,2500,3,5,1,0,48,24,0.4348,0.5807
3,Leaf,2500,3,6,0,0,43,21,0.3971,0.5146
3,Leaf,2500,3,7,1,0,48,24,0.4386,0.5759
3,Leaf,2500,3,8,0,0,45,22,0.4145,0.6272
3,Leaf,2500,3,9,1,0,74,37,0.5350,0.6637
3,Leaf,2500,3,10,0,0,51,25,0.4454,0.5743
3,Leaf,2500,3,11,1,0,46,23,0.4146,0.6136
3,Leaf,2500,3,12,0,0,47,23,0.4207,0.6171
3,Leaf,2500,3,13,1,0,42,21,0.4075,0.5222
3,Leaf,2500,3,14,0,0,39,19,0.3723,0.5440
3,Leaf,2500,3,15,1,0,34,17,0.3461,0.4483
3,Leaf,2500,3,16,0,1,62,31,0.5118,0.6716
3,Leaf,2500,3,17,1,0,52,26,0.4397,0.6189
3,Leaf,2500,3,18,0,0,43,21,0.3949,0.5259
3,Leaf,2500,3,19,1,0,62,31,0.4717,0.5583
3,Leaf,2500,3,20,0,0,51,25,0.4398,0.5701
3,Leaf,2500,3,21,1,0,44,22,0.4234,0.5276
3,Leaf,2500,3,22,0,0,57,28,0.4734,0.6100
3,Leaf,2500,3,23,1,0,54,27,0.4779,0.6809
3,Leaf,2500,3,24,0,0,47,23,0.4271,0.6335
3,Leaf,2500,3,25,1,0,46,23,0.4275,0.6914
3,Leaf,2500,3,26,0,0,57,28,0.4662,0.6792
3,Leaf,2500,3,27,1,0,50,25,0.4520,0.6187
3,Leaf,2500,3,28,0,0,49,24,0.4151,0.5556
3,Leaf,2500,3,29,1,0,64,32,0.5353,0.7075
3,Leaf,2500,3,30,0,0,51,25,0.4441,0.6101
3,Leaf,2500,3,31,1,0,46,23,0.4338,0.6722
3,Leaf,2500,3,32,0,0,47,23,0.4267,0.5709
3,Leaf,2500,3,33,1,0,56,28,0.4997,0.6363
3,Leaf,2500,3,34,0,0,49,24,0.4299,0.6311
3,Leaf,2500,3,35,1,0,52,26,0.4678,0.7070
3,Leaf,2500,3,36,0,0,45,22,0.4185,0.5648
3,Leaf,2500,3,37,1,0,44,22,0.4017,0.5345
3,Leaf,2500,3,38,0,0,43,21,0.3937,0.5227
3,Leaf,2500,3,39,1,0,38,19,0.3703,0.5395
3,Leaf,2500,3,40,0,0,43,21,0.4000,0.6031
3,Leaf,2500,3,41,1,1,53,27,0.4665,0.6148
3,Leaf,2500,3,42,0,0,67,33,0.5174,0.8055
3,Leaf,2500,3,43,1,1,45,23,0.4283,0.5932
3,Leaf,2500,3,44,0,0,45,22,0.4067,0.6146
3,Leaf,2500,3,45,1,0,38,19,0.3773,0.4682
3,Leaf,2500,3,46,0,1,54,27,0.4771,0.6779
3,Leaf,2500,3,47,1,1,49,25,0.4690,0.5555
3,Leaf,2500,3,48,0,0,53,26,0.4652,0.6586
3,Leaf,2500,3,49,1,0,40,20,0.3893,0.5627
3,Leaf,2500,3,50,0,0,37,18,0.3497,0.5513
3,Leaf,2500,3,51,1,0,40,20,0.3948,0.5455
3,Leaf,2500,3,52,0,0,53,26,0.4604,0.6534
3,Leaf,2500,3,53,1,0,34,17,0.3369,0.4579
3,Leaf,2500,3,54,0,0,45,22,0.4050,0.5368
3,Leaf,2500,3,55,1,0,44,22,0.4137,0.5893
3,Leaf,2500,3,56,0,0,49,24,0.4363,0.6354
3,Leaf,2500,3,57,1,0,34,17,0.3373,0.4301
3,Leaf,2500,3,58,0,0,47,23,0.4242,0.6627
3,Leaf,2500,3,59,1,1,61,31,0.5230,0.7238
3,Leaf,2500,3,60,0,0,39,19,0.3679,0.5010
3,Leaf,2500,3,61,1,0,38,19,0.3762,0.4883
3,Leaf,2500,3,62,0,0,47,23,0.4368,0.6856
3,Leaf,2500,3,63,1,0,34,17,0.3413,0.4815
3,Leaf,2500,3,64,0,0,37,18,0.3498,0.4933
3,Leaf,2500,3,65,1,1,47,24,0.4381,0.5669
3,Leaf,2500,3,66,0,0,37,18,0.3555,0.5262
3,Leaf,2500,3,67,1,0,54,27,0.4870,0.6456
3,Leaf,2500,3,68,0,0,51,25,0.4540,0.6567
3,Leaf,2500,3,69,1,0,32,16,0.3079,0.4051
3,Leaf,2500,3,70,0,0,61,30,0.4833,0.7428
3,Leaf,2500,3,71,1,0,42,21,0.4152,0.5378
3,Leaf,2500,3,72,0,0,63,31,0.4870,0.6873
3,Leaf,2500,3,73,1,0,36,18,0.3518,0.4583
3,Leaf,2500,3,74,0,0,41,20,0.3846,0.5082
3,Leaf,2500,3,75,1,0,40,20,0.3797,0.5186
3,Leaf,2500,3,76,0,0,55,27,0.4453,0.5766
3,Leaf,2500,3,77,1,0,54,27,0.4710,0.6172
3,Leaf,2500,3,78,0,0,53,26,0.4395,0.5904
3,Leaf,2500,3,79,1,0,58,29,0.5015,0.6978
3,Leaf,2500,3,80,0,0,39,19,0.3703,0.5464
3,Leaf,2500,3,81,1,0,50,25,0.4585,0.6900
3,Leaf,2500,3,82,0,0,59,29,0.4805,0.6243
3,Leaf,2500,3,83,1,0,36,18,0.3506,0.4462
3,Leaf,2500,3,84,0,0,41,20,0.3820,0.5079
3,Leaf,2500,3,85,1,0,52,26,0.4720,0.6677
3,Leaf,2500,3,86,0,0,71,35,0.5450,0.8079
3,Leaf,2500,3,87,1,0,44,22,0.3961,0.5583
3,Leaf,2500,3,88,0,1,50,25,0.4511,0.6156
3,Leaf,2500,3,89,1,0,52,26,0.4608,0.6044
3,Leaf,2500,3,90,0,0,65,32,0.5280,0.7521
3,Leaf,2500,3,91,1,0,46,23,0.4378,0.5992
3,Leaf,2500,3,92,0,0,39,19,0.3611,0.6151
3,Leaf,2500,3,93,1,0,40,20,0.3869,0.5163
3,Leaf,2500,3,94,0,0,29,14,0.2843,0.4118
3,Leaf,2500,3,95,1,0,52,26,0.4662,0.6258
3,Leaf,2500,3,96,0,0,67,33,0.5298,0.7569
3,Leaf,2500,3,97,1,0,36,18,0.3583,0.4492
3,Leaf,2500,3,98,0,0,57,28,0.4779,0.7567
3,Leaf,2500,3,99,1,0,52,26,0.4654,0.5838
3,Leaf,2500,3,100,0,1,56,28,0.4852,0.6426
4,Leaf,2500,4,1,1,0,52,26,0.3737,0.6003
4,Leaf,2500,4,2,0,1,62,31,0.4082,0.6611
4,Leaf,2500,4,3,1,0,42,21,0.3085,0.4874
4,Leaf,2500,4,4,0,0,53,26,0.3653,0.6039
4,Leaf,2500,4,5,1,0,44,22,0.3303,0.5329
4,Leaf,2500,4,6,0,0,49,24,0.3497,0.5893
4,Leaf,2500,4,7,1,0,50,25,0.3443,0.5202
4,Leaf,2500,4,8,0,0,51,25,0.3320,0.5376
4,Leaf,2500,4,9,1,0,38,19,0.2948,0.4702
4,Leaf,2500,4,10,0,0,49,24,0.3521,0.5974
4,Leaf,2500,4,11,1,0,38,19,0.2956,0.4793
4,Leaf,2500,4,12,0,1,56,28,0.3824,0.6305
4,Leaf,2500,4,13,1,0,52,26,0.3762,0.6081
4,Leaf,2500,4,14,0,0,61,30,0.3722,0.6009
4,Leaf,2500,4,15,1,0,44,22,0.3331,0.5394
4,Leaf,2500,4,16,0,0,45,22,0.3038,0.4893
4,Leaf,2500,4,17,1,0,42,21,0.3176,0.5083
4,Leaf,2500,4,18,0,0,41,20,0.3125,0.5323
4,Leaf,2500,4,19,1,0,60,30,0.4187,0.6748
4,Leaf,2500,4,20,0,0,39,19,0.2978,0.5099
4,Leaf,2500,4,21,1,0,42,21,0.3227,0.5235
4,Leaf,2500,4,22,0,0,57,28,0.3751,0.6284
4,Leaf,2500,4,23,1,0,40,20,0.3113,0.5007
4,Leaf,2500,4,24,0,0,43,21,0.3091,0.5251
4,Leaf,2500,4,25,1,0,42,21,0.3235,0.5256
4,Leaf,2500,4,26,0,0,49,24,0.3486,0.5919
4,Leaf,2500,4,27,1,1,49,25,0.3745,0.5875
4,Leaf,2500,4,28,0,0,39,19,0.2978,0.5135
4,Leaf,2500,4,29,1,0,52,26,0.3751,0.6097
4,Leaf,2500,4,30,0,0,51,25,0.3682,0.6181
4,Leaf,2500,4,31,1,0,58,29,0.4004,0.6358
4,Leaf,2500,4,32,0,0,53,26,0.3739,0.6260
4,Leaf,2500,4,33,1,0,52,26,0.3631,0.5678
4,Leaf,2500,4,34,0,0,39,19,0.2949,0.5036
4,Leaf,2500,4,35,1,0,42,21,0.3199,0.5145
4,Leaf,2500,4,36,0,0,49,24,0.3305,0.5272
4,Leaf,2500,4,37,1,0,58,29,0.3983,0.6336
4,Leaf,2500,4,38,0,0,39,19,0.2893,0.4817
4,Leaf,2500,4,39,1,0,58,29,0.3984,0.6372
4,Leaf,2500,4,40,0,0,63,31,0.3821,0.6073
4,Leaf,2500,4,41,1,0,64,32,0.3781,0.5804
4,Leaf,2500,4,42,0,0,45,22,0.3317,0.5661
4,Leaf,2500,4,43,1,0,36,18,0.2875,0.4652
4,Leaf,2500,4,44,0,0,47,23,0.3312,0.5636
4,Leaf,2500,4,45,1,0,44,22,0.3395,0.5444
4,Leaf,2500,4,46,0,0,73,36,0.4186,0.6583
4,Leaf,2500,4,47,1,0,34,17,0.2661,0.4128
4,Leaf,2500,4,48,0,0,33,16,0.2515,0.4263
4,Leaf,2500,4,49,1,0,52,26,0.3733,0.5896
4,Leaf,2500,4,50,0,0,55,27,0.3609,0.5786
4,Leaf,2500,4,51,1,0,54,27,0.3981,0.6472
4,Leaf,2500,4,52,0,0,29,14,0.2354,0.4058
4,Leaf,2500,4,53,1,0,46,23,0.3531,0.5710
4,Leaf,2500,4,54,0,0,41,20,0.3152,0.5303
4,Leaf,2500,4,55,1,0,62,31,0.3841,0.5893
4,Leaf,2500,4,56,0,0,51,25,0.3602,0.6063
4,Leaf,2500,4,57,1,0,42,21,0.3222,0.5207
4,Leaf,2500,4,58,0,0,51,25,0.3610,0.6151
4,Leaf,2500,4,59,1,0,40,20,0.3144,0.5038
4,Leaf,2500,4,60,0,0,41,20,0.3044,0.5087
4,Leaf,2500,4,61,1,0,58,29,0.3825,0.5886
4,Leaf,2500,4,62,0,0,39,19,0.2924,0.4916
4,Leaf,2500,4,63,1,0,48,24,0.3519,0.5606
4,Leaf,2500,4,64,0,0,53,26,0.3560,0.5828
4,Leaf,2500,4,65,1,1,49,25,0.3639,0.5672
4,Leaf,2500,4,66,0,0,59,29,0.3948,0.6694
4,Leaf,2500,4,67,1,0,50,25,0.3557,0.5761
4,Leaf,2500,4,68,0,0,43,21,0.3163,0.5420
4,Leaf,2500,4,69,1,0,38,19,0.3007,0.4803
4,Leaf,2500,4,70,0,0,59,29,0.3972,0.6572
4,Leaf,2500,4,71,1,0,50,25,0.3330,0.5097
4,Leaf,2500,4,72,0,0,45,22,0.3192,0.5364
4,Leaf,2500,4,73,1,0,44,22,0.3321,0.5338
4,Leaf,2500,4,74,0,0,49,24,0.3550,0.6020
4,Leaf,2500,4,75,1,0,42,21,0.3272,0.5248
4,Leaf,2500,4,76,0,0,51,25,0.3630,0.6125
4,Leaf,2500,4,77,1,0,40,20,0.3083,0.4973
4,Leaf,2500,4,78,0,0,59,29,0.4008,0.6759
4,Leaf,2500,4,79,1,0,52,26,0.3841,0.6165
4,Leaf,2500,4,80,0,0,47,23,0.3437,0.5835
4,Leaf,2500,4,81,1,0,48,24,0.3596,0.5910
4,Leaf,2500,4,82,0,0,39,19,0.2965,0.5036
4,Leaf,2500,4,83,1,0,40,20,0.3022,0.4796
4,Leaf,2500,4,84,0,0,43,21,0.3186,0.5409
4,Leaf,2500,4,85,1,0,50,25,0.3488,0.5458
4,Leaf,2500,4,86,0,0,51,25,0.3691,0.6272
4,Leaf,2500,4,87,1,0,50,25,0.3619,0.5849
4,Leaf,2500,4,88,0,0,47,23,0.3411,0.5817
4,Leaf,2500,4,89,1,0,62,31,0.4149,0.6710
4,Leaf,2500,4,90,0,0,53,26,0.3644,0.6081
4,Leaf,2500,4,91,1,0,52,26,0.3606,0.5563
4,Leaf,2500,4,92,0,0,31,15,0.2406,0.4085
4,Leaf,2500,4,93,1,0,44,22,0.3295,0.5277
4,Leaf,2500,4,94,0,0,53,26,0.3747,0.6367
4,Leaf,2500,4,95,1,0,48,24,0.3524,0.5681
4,Leaf,2500,4,96,0,1,54,27,0.3720,0.5997
4,Leaf,2500,4,97,1,0,48,24,0.3495,0.5676
4,Leaf,2500,4,98,0,0,51,25,0.3554,0.5981
4,Leaf,2500,4,99,1,0,32,16,0.2512,0.3910
4,Leaf,2500,4,100,0,0,71,35,0.3756,0.5714
5,Root,2500,2,1,1,0,42,21,0.5027,0.6302
5,Root,2500,2,2,0,0,63,31,0.6316,0.7690
5,Root,2500,2,3,1,0,52,26,0.5887,0.6272
5,Root,2500,2,4,0,0,51,25,0.5707,0.6945
5,Root,2500,2,5,1,0,50,25,0.5651,0.7106
5,Root,2500,2,6,0,1,56,28,0.5741,0.7606
5,Root,2500,2,7,1,0,32,16,0.4013,0.5157
5,Root,2500,2,8,0,0,49,24,0.5462,0.7921
5,Root,2500,2,9,1,0,36,18,0.4341,0.5404
5,Root,2500,2,10,0,0,65,32,0.6096,0.8309
5,Root,2500,2,11,1,0,28,14,0.3561,0.3988
5,Root,2500,2,12,0,0,55,27,0.5981,0.7538
5,Root,2500,2,13,1,0,46,23,0.5473,0.6544
5,Root,2500,2,14,0,0,45,22,0.5017,0.7322
5,Root,2500,2,15,1,0,44,22,0.5146,0.5749
5,Root,2500,2,16,0,1,56,28,0.6127,0.7594
5,Root,2500,2,17,1,0,36,18,0.4393,0.5282
5,Root,2500,2,18,0,0,51,25,0.5477,0.7545
5,Root,2500,2,19,1,0,46,23,0.5318,0.6682
5,Root,2500,2,20,0,0,45,22,0.5166,0.6603
5,Root,2500,2,21,1,0,46,23,0.5486,0.7378
5,Root,2500,2,22,0,0,61,30,0.6213,0.8235
5,Root,2500,2,23,1,0,56,28,0.6131,0.7106
5,Root,2500,2,24,0,0,45,22,0.5135,0.6310
5,Root,2500,2,25,1,0,34,17,0.4296,0.5663
5,Root,2500,2,26,0,0,47,23,0.4947,0.7469
5,Root,2500,2,27,1,0,32,16,0.4061,0.5688
5,Root,2500,2,28,0,0,35,17,0.4042,0.5924
5,Root,2500,2,29,1,0,66,33,0.6621,0.8131
5,Root,2500,2,30,0,0,41,20,0.4841,0.6404
5,Root,2500,2,31,1,0,44,22,0.5100,0.7179
5,Root,2500,2,32,0,0,45,22,0.5261,0.5993
5,Root,2500,2,33,1,0,34,17,0.4307,0.4365
5,Root,2500,2,34,0,1,64,32,0.6526,0.6896
5,Root,2500,2,35,1,0,58,29,0.6152,0.8446
5,Root,2500,2,36,0,0,47,23,0.5387,0.6517
5,Root,2500,2,37,1,0,34,17,0.4247,0.4656
5,Root,2500,2,38,0,0,39,19,0.4565,0.5301
5,Root,2500,2,39,1,0,46,23,0.5214,0.6720
5,Root,2500,2,40,0,0,31,15,0.3858,0.5661
5,Root,2500,2,41,1,0,38,19,0.4494,0.5112
5,Root,2500,2,42,0,0,51,25,0.5595,0.7789
5,Root,2500,2,43,1,0,44,22,0.5319,0.6830
5,Root,2500,2,44,0,0,45,22,0.5154,0.6433
5,Root,2500,2,45,1,0,38,19,0.4708,0.5758
5,Root,2500,2,46,0,0,45,22,0.5117,0.6840
5,Root,2500,2,47,1,0,46,23,0.5514,0.6146
5,Root,2500,2,48,0,0,47,23,0.5337,0.5992
5,Root,2500,2,49,1,0,36,18,0.4490,0.5868
5,Root,2500,2,50,0,0,47,23,0.5277,0.6332
5,Root,2500,2,51,1,1,43,22,0.4818,0.5790
5,Root,2500,2,52,0,0,47,23,0.5310,0.6606
5,Root,2500,2,53,1,0,42,21,0.4809,0.5709
5,Root,2500,2,54,0,0,69,34,0.6368,0.7869
5,Root,2500,2,55,1,0,46,23,0.5373,0.5433
5,Root,2500,2,56,0,0,31,15,0.3731,0.4740
5,Root,2500,2,57,1,0,50,25,0.5764,0.7008
5,Root,2500,2,58,0,0,41,20,0.4450,0.6188
5,Root,2500,2,59,1,0,54,27,0.6091,0.6883
5,Root,2500,2,60,0,0,47,23,0.4991,0.5379
5,Root,2500,2,61,1,0,50,25,0.5704,0.7871
5,Root,2500,2,62,0,0,45,22,0.5180,0.6338
5,Root,2500,2,63,1,0,46,23,0.5563,0.7125
5,Root,2500,2,64,0,0,41,20,0.4726,0.6074
5,Root,2500,2,65,1,0,38,19,0.4615,0.5841
5,Root,2500,2,66,0,0,45,22,0.5242,0.6702
5,Root,2500,2,67,1,0,44,22,0.4611,0.6025
5,Root,2500,2,68,0,0,43,21,0.4936,0.6022
5,Root,2500,2,69,1,0,38,19,0.4719,0.6144
5,Root,2500,2,70,0,0,51,25,0.5522,0.6864
5,Root,2500,2,71,1,0,44,22,0.5004,0.5440
5,Root,2500,2,72,0,0,51,25,0.5619,0.7659
5,Root,2500,2,73,1,0,48,24,0.5653,0.6559
5,Root,2500,2,74,0,0,47,23,0.5480,0.6766
5,Root,2500,2,75,1,0,54,27,0.5948,0.7288
5,Root,2500,2,76,0,0,43,21,0.4766,0.5807
5,Root,2500,2,77,1,0,50,25,0.5797,0.6131
5,Root,2500,2,78,0,0,37,18,0.4533,0.5278
5,Root,2500,2,79,1,0,48,24,0.5225,0.6367
5,Root,2500,2,80,0,0,57,28,0.6047,0.7543
5,Root,2500,2,81,1,1,35,18,0.4317,0.5591
5,Root,2500,2,82,0,0,51,25,0.5661,0.8087
5,Root,2500,2,83,1,0,44,22,0.5223,0.6098
5,Root,2500,2,84,0,0,45,22,0.5182,0.6481
5,Root,2500,2,85,1,0,50,25,0.5832,0.8026
5,Root,2500,2,86,0,0,39,19,0.4605,0.5737
5,Root,2500,2,87,1,0,42,21,0.5047,0.6756
5,Root,2500,2,88,0,0,67,33,0.6592,0.8640
5,Root,2500,2,89,1,0,40,20,0.4857,0.5466
5,Root,2500,2,90,0,0,37,18,0.4331,0.5060
5,Root,2500,2,91,1,0,52,26,0.5789,0.7688
5,Root,2500,2,92,0,0,31,15,0.3695,0.5326
5,Root,2500,2,93,1,0,62,31,0.6247,0.7817
5,Root,2500,2,94,0,0,39,19,0.4633,0.5935
5,Root,2500,2,95,1,0,38,19,0.4766,0.4906
5,Root,2500,2,96,0,0,61,30,0.6284,0.7164
5,Root,2500,2,97,1,0,48,24,0.5535,0.6914
5,Root,2500,2,98,0,0,29,14,0.3483,0.5068
5,Root,2500,2,99,1,0,34,17,0.4264,0.5283
5,Root,2500,2,100,0,0,71,35,0.6560,0.8032
6,Root,2500,3,1,1,0,36,18,0.3072,0.4788
6,Root,2500,3,2,0,0,49,24,0.3430,0.5473
6,Root,2500,3,3,1,0,64,32,0.4592,0.7039
6,Root,2500,3,4,0,0,65,32,0.4338,0.6621
6,Root,2500,3,5,1,0,52,26,0.3916,0.6522
6,Root,2500,3,6,0,0,57,28,0.4104,0.6898
6,Root,2500,3,7,1,0,38,19,0.3148,0.4612
6,Root,2500,3,8,0,0,45,22,0.3444,0.5458
6,Root,2500,3,9,1,0,36,18,0.2979,0.4546
6,Root,2500,3,10,0,0,43,21,0.3365,0.5796
6,Root,2500,3,11,1,1,49,25,0.3686,0.6008
6,Root,2500,3,12,0,0,41,20,0.3045,0.5863
6,Root,2500,3,13,1,0,46,23,0.3702,0.5894
6,Root,2500,3,14,0,0,61,30,0.4190,0.6592
6,Root,2500,3,15,1,0,38,19,0.3196,0.5046
6,Root,2500,3,16,0,0,57,28,0.3620,0.5916
6,Root,2500,3,17,1,0,44,22,0.3580,0.5529
6,Root,2500,3,18,0,0,57,28,0.4030,0.7180
6,Root,2500,3,19,1,0,42,21,0.3437,0.5666
6,Root,2500,3,20,0,0,57,28,0.4165,0.6932
6,Root,2500,3,21,1,0,40,20,0.3422,0.5238
6,Root,2500,3,22,0,0,43,21,0.3367,0.5638
6,Root,2500,3,23,1,0,58,29,0.4282,0.7152
6,Root,2500,3,24,0,0,43,21,0.3370,0.5716
6,Root,2500,3,25,1,0,38,19,0.3197,0.5716
6,Root,2500,3,26,0,0,61,30,0.3469,0.6019
6,Root,2500,3,27,1,0,34,17,0.2914,0.5260
6,Root,2500,3,28,0,0,43,21,0.3334,0.6030
6,Root,2500,3,29,1,0,58,29,0.3939,0.6357
6,Root,2500,3,30,0,0,49,24,0.3755,0.6346
6,Root,2500,3,31,1,0,36,18,0.3086,0.5051
6,Root,2500,3,32,0,0,47,23,0.3457,0.5924
6,Root,2500,3,33,1,1,59,30,0.4592,0.6692
6,Root,2500,3,34,0,1,48,24,0.3592,0.6560
6,Root,2500,3,35,1,0,40,20,0.3315,0.5503
6,Root,2500,3,36,0,1,44,22,0.3460,0.6029
6,Root,2500,3,37,1,1,45,23,0.3564,0.6185
6,Root,2500,3,38,0,0,53,26,0.3957,0.6200
6,Root,2500,3,39,1,0,28,14,0.2421,0.3854
6,Root,2500,3,40,0,0,61,30,0.4291,0.7481
6,Root,2500,3,41,1,0,52,26,0.3871,0.6522
6,Root,2500,3,42,0,0,41,20,0.3227,0.5895
6,Root,2500,3,43,1,0,42,21,0.3388,0.5309
6,Root,2500,3,44,0,0,47,23,0.3690,0.6709
6,Root,2500,3,45,1,0,38,19,0.3123,0.5407
6,Root,2500,3,46,0,0,47,23,0.3548,0.6078
6,Root,2500,3,47,1,0,38,19,0.3116,0.5343
6,Root,2500,3,48,0,0,51,25,0.3784,0.6773
6,Root,2500,3,49,1,0,42,21,0.3397,0.5571
6,Root,2500,3,50,0,0,41,20,0.3406,0.5579
6,Root,2500,3,51,1,0,70,35,0.4849,0.7324
6,Root,2500,3,52,0,0,55,27,0.3771,0.6759
6,Root,2500,3,53,1,0,38,19,0.3043,0.5365
6,Root,2500,3,54,0,0,53,26,0.3971,0.7009
6,Root,2500,3,55,1,0,34,17,0.2918,0.4927
6,Root,2500,3,56,0,0,47,23,0.3502,0.6173
6,Root,2500,3,57,1,0,44,22,0.3390,0.5535
6,Root,2500,3,58,0,0,39,19,0.3016,0.5799
6,Root,2500,3,59,1,0,44,22,0.3466,0.6181
6,Root,2500,3,60,0,0,57,28,0.3627,0.5982
6,Root,2500,3,61,1,0,40,20,0.3305,0.5508
6,Root,2500,3,62,0,0,45,22,0.3498,0.5682
6,Root,2500,3,63,1,0,48,24,0.3777,0.6393
6,Root,2500,3,64,0,0,33,16,0.2755,0.5056
6,Root,2500,3,65,1,0,46,23,0.3600,0.6395
6,Root,2500,3,66,0,0,37,18,0.2991,0.5460
6,Root,2500,3,67,1,0,58,29,0.4316,0.7019
6,Root,2500,3,68,0,0,43,21,0.3446,0.6090
6,Root,2500,3,69,1,0,50,25,0.3885,0.6107
6,Root,2500,3,70,0,0,29,14,0.2406,0.4774
6,Root,2500,3,71,1,0,66,33,0.4697,0.7151
6,Root,2500,3,72,0,0,53,26,0.4035,0.6964
6,Root,2500,3,73,1,0,40,20,0.3106,0.6216
6,Root,2500,3,74,0,0,35,17,0.2820,0.5561
6,Root,2500,3,75,1,0,60,30,0.4362,0.7736
6,Root,2500,3,76,0,0,65,32,0.4543,0.7411
6,Root,2500,3,77,1,0,38,19,0.3249,0.4975
6,Root,2500,3,78,0,0,39,19,0.2937,0.5243
6,Root,2500,3,79,1,0,56,28,0.4230,0.7609
6,Root,2500,3,80,0,0,49,24,0.3640,0.7109
6,Root,2500,3,81,1,0,56,28,0.4245,0.6656
6,Root,2500,3,82,0,0,47,23,0.3551,0.5967
6,Root,2500,3,83,1,0,42,21,0.3475,0.5691
6,Root,2500,3,84,0,0,49,24,0.3708,0.6300
6,Root,2500,3,85,1,0,34,17,0.2877,0.4582
6,Root,2500,3,86,0,0,59,29,0.4326,0.7673
6,Root,2500,3,87,1,0,68,34,0.4437,0.6564
6,Root,2500,3,88,0,1,64,32,0.4478,0.8125
6,Root,2500,3,89,1,0,50,25,0.3642,0.6173
6,Root,2500,3,90,0,0,67,33,0.4531,0.7264
6,Root,2500,3,91,1,0,52,26,0.3934,0.6381
6,Root,2500,3,92,0,0,67,33,0.4347,0.7758
6,Root,2500,3,93,1,0,46,23,0.3732,0.6461
6,Root,2500,3,94,0,0,47,23,0.3395,0.5560
6,Root,2500,3,95,1,0,30,15,0.2490,0.4365
6,Root,2500,3,96,0,0,33,16,0.2523,0.4410
6,Root,2500,3,97,1,0,48,24,0.3552,0.5798
6,Root,2500,3,98,0,0,39,19,0.3124,0.5285
6,Root,2500,3,99,1,0,50,25,0.3795,0.6450
6,Root,2500,3,100,0,0,49,24,0.3727,0.7547
7,Root,2500,4,1,1,0,54,27,0.3265,0.6255
7,Root,2500,4,2,0,0,63,31,0.3343,0.6906
7,Root,2500,4,3,1,0,56,28,0.3238,0.6374
7,Root,2500,4,4,0,0,39,19,0.2261,0.4753
7,Root,2500,4,5,1,0,56,28,0.2699,0.5282
7,Root,2500,4,6,0,0,29,14,0.1800,0.3897
7,Root,2500,4,7,1,0,34,17,0.2147,0.4258
7,Root,2500,4,8,0,0,51,25,0.2968,0.6155
7,Root,2500,4,9,1,0,34,17,0.2212,0.4374
7,Root,2500,4,10,0,0,59,29,0.3226,0.6673
7,Root,2500,4,11,1,1,49,25,0.2936,0.5605
7,Root,2500,4,12,0,0,37,18,0.2288,0.4811
7,Root,2500,4,13,1,0,46,23,0.2818,0.5558
7,Root,2500,4,14,0,1,50,25,0.3075,0.6176
7,Root,2500,4,15,1,0,36,18,0.2309,0.4558
7,Root,2500,4,16,0,1,72,36,0.3537,0.7196
7,Root,2500,4,17,1,0,44,22,0.2718,0.5338
7,Root,2500,4,18,0,0,39,19,0.2336,0.4828
7,Root,2500,4,19,1,0,38,19,0.2433,0.4847
7,Root,2500,4,20,0,0,37,18,0.2134,0.4589
7,Root,2500,4,21,1,0,48,24,0.2928,0.5720
7,Root,2500,4,22,0,0,31,15,0.1954,0.4178
7,Root,2500,4,23,1,0,46,23,0.2875,0.5660
7,Root,2500,4,24,0,0,55,27,0.3011,0.6195
7,Root,2500,4,25,1,0,52,26,0.3001,0.5899
7,Root,2500,4,26,0,0,53,26,0.3107,0.6405
7,Root,2500,4,27,1,1,59,30,0.3381,0.6489
7,Root,2500,4,28,0,0,35,17,0.2214,0.4633
7,Root,2500,4,29,1,0,40,20,0.2546,0.5003
7,Root,2500,4,30,0,0,45,22,0.2341,0.4929
7,Root,2500,4,31,1,0,36,18,0.2279,0.4444
7,Root,2500,4,32,0,0,51,25,0.3006,0.6182
7,Root,2500,4,33,1,0,38,19,0.2370,0.4699
7,Root,2500,4,34,0,0,37,18,0.2310,0.4844
7,Root,2500,4,35,1,0,40,20,0.2537,0.5043
7,Root,2500,4,36,0,0,33,16,0.2100,0.4486
7,Root,2500,4,37,1,0,44,22,0.2743,0.5439
7,Root,2500,4,38,0,0,51,25,0.2635,0.5535
7,Root,2500,4,39,1,0,50,25,0.2990,0.5872
7,Root,2500,4,40,0,0,39,19,0.2331,0.4893
7,Root,2500,4,41,1,0,52,26,0.3149,0.6223
7,Root,2500,4,42,0,0,45,22,0.2671,0.5533
7,Root,2500,4,43,1,0,36,18,0.2197,0.4359
7,Root,2500,4,44,0,0,41,20,0.2235,0.4754
7,Root,2500,4,45,1,0,40,20,0.2443,0.4816
7,Root,2500,4,46,0,0,41,20,0.2558,0.5405
7,Root,2500,4,47,1,0,56,28,0.3280,0.6468
7,Root,2500,4,48,0,0,41,20,0.2582,0.5341
7,Root,2500,4,49,1,0,46,23,0.2840,0.5564
7,Root,2500,4,50,0,0,43,21,0.2638,0.5475
7,Root,2500,4,51,1,0,64,32,0.3639,0.7010
7,Root,2500,4,52,0,0,51,25,0.2834,0.5884
7,Root,2500,4,53,1,0,44,22,0.2648,0.5251
7,Root,2500,4,54,0,0,37,18,0.2311,0.4871
7,Root,2500,4,55,1,0,48,24,0.2925,0.5826
7,Root,2500,4,56,0,0,41,20,0.2497,0.5236
7,Root,2500,4,57,1,0,50,25,0.3031,0.5976
7,Root,2500,4,58,0,0,55,27,0.2918,0.6044
7,Root,2500,4,59,1,0,36,18,0.2360,0.4672
7,Root,2500,4,60,0,0,43,21,0.2580,0.5429
7,Root,2500,4,61,1,0,48,24,0.3005,0.5907
7,Root,2500,4,62,0,0,39,19,0.2513,0.5202
7,Root,2500,4,63,1,0,46,23,0.2837,0.5584
7,Root,2500,4,64,0,0,57,28,0.3255,0.6712
7,Root,2500,4,65,1,0,70,35,0.3472,0.6841
7,Root,2500,4,66,0,0,31,15,0.1929,0.4150
7,Root,2500,4,67,1,0,42,21,0.2707,0.5278
7,Root,2500,4,68,0,0,35,17,0.2258,0.4716
7,Root,2500,4,69,1,0,52,26,0.2962,0.5853
7,Root,2500,4,70,0,0,43,21,0.2668,0.5492
7,Root,2500,4,71,1,0,36,18,0.2378,0.4686
7,Root,2500,4,72,0,0,41,20,0.2563,0.5364
7,Root,2500,4,73,1,0,38,19,0.2441,0.4788
7,Root,2500,4,74,0,0,41,20,0.2417,0.5096
7,Root,2500,4,75,1,0,50,25,0.2990,0.5890
7,Root,2500,4,76,0,0,45,22,0.2675,0.5597
7,Root,2500,4,77,1,0,50,25,0.2901,0.5750
7,Root,2500,4,78,0,0,43,21,0.2647,0.5530
7,Root,2500,4,79,1,0,50,25,0.3068,0.5953
7,Root,2500,4,80,0,0,49,24,0.2845,0.5975
7,Root,2500,4,81,1,0,56,28,0.3288,0.6414
7,Root,2500,4,82,0,1,72,36,0.3693,0.7541
7,Root,2500,4,83,1,0,50,25,0.2999,0.5886
7,Root,2500,4,84,0,0,37,18,0.2348,0.4918
7,Root,2500,4,85,1,0,46,23,0.2803,0.5572
7,Root,2500,4,86,0,1,66,33,0.3487,0.7052
7,Root,2500,4,87,1,0,40,20,0.2569,0.5015
7,Root,2500,4,88,0,0,69,34,0.3105,0.6421
7,Root,2500,4,89,1,0,42,21,0.2612,0.5144
7,Root,2500,4,90,0,0,47,23,0.2691,0.5635
7,Root,2500,4,91,1,0,56,28,0.3277,0.6431
7,Root,2500,4,92,0,0,49,24,0.2976,0.6129
7,Root,2500,4,93,1,0,56,28,0.3317,0.6555
7,Root,2500,4,94,0,0,35,17,0.2183,0.4665
7,Root,2500,4,95,1,0,50,25,0.2966,0.5746
7,Root,2500,4,96,0,0,49,24,0.2974,0.6122
7,Root,2500,4,97,1,0,40,20,0.2585,0.5089
7,Root,2500,4,98,0,0,35,17,0.2160,0.4566
7,Root,2500,4,99,1,0,54,27,0.3212,0.6355
7,Root,2500,4,100,0,0,37,18,0.2369,0.5017
8,LockFree,2500,2,1,1,0,44,22,0.5345,0.7328
8,LockFree,2500,2,2,0,0,45,22,0.5206,0.6851
8,LockFree,2500,2,3,1,0,42,21,0.5003,0.5819
8,LockFree,2500,2,4,0,0,45,22,0.5293,0.7174
8,LockFree,2500,2,5,1,0,46,23,0.5648,0.6625
8,LockFree,2500,2,6,0,0,27,13,0.3255,0.4285
8,LockFree,2500,2,7,1,0,62,31,0.6376,0.7627
8,LockFree,2500,2,8,0,0,69,34,0.6688,0.7655
8,LockFree,2500,2,9,1,0,54,27,0.6067,0.7146
8,LockFree,2500,2,10,0,0,47,23,0.5379,0.7188
8,LockFree,2500,2,11,1,0,58,29,0.5869,0.7582
8,LockFree,2500,2,12,0,1,42,21,0.5029,0.5205
8,LockFree,2500,2,13,1,1,43,22,0.5168,0.5594
8,LockFree,2500,2,14,0,0,51,25,0.5700,0.7231
8,LockFree,2500,2,15,1,0,40,20,0.4782,0.5893
8,LockFree,2500,2,16,0,0,45,22,0.5120,0.6812
8,LockFree,2500,2,17,1,0,58,29,0.6045,0.7499
8,LockFree,2500,2,18,0,0,71,35,0.6967,0.8204
8,LockFree,2500,2,19,1,1,59,30,0.6531,0.8289
8,LockFree,2500,2,20,0,0,49,24,0.5628,0.7104
8,LockFree,2500,2,21,1,0,36,18,0.4618,0.5615
8,LockFree,2500,2,22,0,1,50,25,0.5539,0.6195
8,LockFree,2500,2,23,1,0,42,21,0.5110,0.5096
8,LockFree,2500,2,24,0,0,33,16,0.3998,0.5197
8,LockFree,2500,2,25,1,0,32,16,0.4066,0.4906
8,LockFree,2500,2,26,0,0,49,24,0.5693,0.7047
8,LockFree,2500,2,27,1,0,54,27,0.5666,0.6724
8,LockFree,2500,2,28,0,0,37,18,0.4464,0.6356
8,LockFree,2500,2,29,1,0,76,38,0.6058,0.6695
8,LockFree,2500,2,30,0,0,47,23,0.5064,0.6341
8,LockFree,2500,2,31,1,0,52,26,0.5911,0.7259
8,LockFree,2500,2,32,0,1,56,28,0.6173,0.6581
8,LockFree,2500,2,33,1,0,50,25,0.5879,0.7699
8,LockFree,2500,2,34,0,0,59,29,0.6267,0.7668
8,LockFree,2500,2,35,1,0,46,23,0.5531,0.7077
8,LockFree,2500,2,36,0,0,37,18,0.4433,0.5599
8,LockFree,2500,2,37,1,1,59,30,0.6615,0.7086
8,LockFree,2500,2,38,0,0,53,26,0.5910,0.6580
8,LockFree,2500,2,39,1,1,65,33,0.6861,0.7963
8,LockFree,2500,2,40,0,0,41,20,0.4929,0.6484
8,LockFree,2500,2,41,1,0,50,25,0.5731,0.7485
8,LockFree,2500,2,42,0,0,59,29,0.6188,0.7124
8,LockFree,2500,2,43,1,0,44,22,0.5000,0.5436
8,LockFree,2500,2,44,0,0,35,17,0.4290,0.5168
8,LockFree,2500,2,45,1,0,40,20,0.4922,0.5503
8,LockFree,2500,2,46,0,0,43,21,0.4925,0.6721
8,LockFree,2500,2,47,1,0,56,28,0.6421,0.7970
8,LockFree,2500,2,48,0,0,39,19,0.4489,0.6457
8,LockFree,2500,2,49,1,0,44,22,0.5363,0.6137
8,LockFree,2500,2,50,0,1,48,24,0.5594,0.6879
8,LockFree,2500,2,51,1,1,51,26,0.5764,0.6670
8,LockFree,2500,2,52,0,0,49,24,0.5643,0.7433
8,LockFree,2500,2,53,1,0,48,24,0.5686,0.7188
8,LockFree,2500,2,54,0,1,56,28,0.5999,0.7751
8,LockFree,2500,2,55,1,0,56,28,0.6352,0.6849
8,LockFree,2500,2,56,0,0,49,24,0.5411,0.6755
8,LockFree,2500,2,57,1,0,76,38,0.6439,0.8237
8,LockFree,2500,2,58,0,0,49,24,0.5715,0.7084
8,LockFree,2500,2,59,1,1,49,25,0.5826,0.6712
8,LockFree,2500,2,60,0,0,49,24,0.5264,0.6807
8,LockFree,2500,2,61,1,0,50,25,0.5821,0.7314
8,LockFree,2500,2,62,0,0,67,33,0.6603,0.8420
8,LockFree,2500,2,63,1,0,48,24,0.5546,0.6636
8,LockFree,2500,2,64,0,0,55,27,0.5803,0.6353
8,LockFree,2500,2,65,1,0,56,28,0.5709,0.6474
8,LockFree,2500,2,66,0,0,39,19,0.4453,0.6112
8,LockFree,2500,2,67,1,1,43,22,0.4978,0.6041
8,LockFree,2500,2,68,0,0,47,23,0.5447,0.7071
8,LockFree,2500,2,69,1,0,42,21,0.5099,0.6759
8,LockFree,2500,2,70,0,0,43,21,0.4664,0.6245
8,LockFree,2500,2,71,1,1,49,25,0.5859,0.6696
8,LockFree,2500,2,72,0,0,45,22,0.5066,0.7248
8,LockFree,2500,2,73,1,0,46,23,0.5453,0.6701
8,LockFree,2500,2,74,0,1,38,19,0.4756,0.5055
8,LockFree,2500,2,75,1,0,40,20,0.4816,0.6290
8,LockFree,2500,2,76,0,0,79,39,0.7404,0.9367
8,LockFree,2500,2,77,1,0,42,21,0.5025,0.6050
8,LockFree,2500,2,78,0,0,51,25,0.5415,0.6099
8,LockFree,2500,2,79,1,0,52,26,0.5432,0.5850
8,LockFree,2500,2,80,0,0,47,23,0.5504,0.7575
8,LockFree,2500,2,81,1,0,36,18,0.4411,0.6133
8,LockFree,2500,2,82,0,0,49,24,0.5635,0.7581
8,LockFree,2500,2,83,1,0,34,17,0.4288,0.4893
8,LockFree,2500,2,84,0,0,41,20,0.4870,0.5603
8,LockFree,2500,2,85,1,0,46,23,0.5396,0.7287
8,LockFree,2500,2,86,0,0,47,23,0.5289,0.6917
8,LockFree,2500,2,87,1,0,46,23,0.5636,0.5900
8,LockFree,2500,2,88,0,0,39,19,0.4594,0.5517
8,LockFree,2500,2,89,1,0,50,25,0.5433,0.6788
8,LockFree,2500,2,90,0,0,43,21,0.5012,0.6092
8,LockFree,2500,2,91,1,0,44,22,0.5258,0.7341
8,LockFree,2500,2,92,0,0,49,24,0.5570,0.7129
8,LockFree,2500,2,93,1,1,45,23,0.5557,0.6318
8,LockFree,2500,2,94,0,0,41,20,0.4768,0.6221
8,LockFree,2500,2,95,1,0,48,24,0.5664,0.7421
8,LockFree,2500,2,96,0,0,53,26,0.5931,0.7087
8,LockFree,2500,2,97,1,1,57,29,0.6224,0.6937
8,LockFree,2500,2,98,0,0,45,22,0.5168,0.6593
8,LockFree,2500,2,99,1,0,58,29,0.6410,0.8541
8,LockFree,2500,2,100,0,0,41,20,0.4808,0.6555
9,LockFree,2500,3,1,1,0,42,21,0.3458,0.5020
9,LockFree,2500,3,2,0,0,59,29,0.3956,0.6257
9,LockFree,2500,3,3,1,0,40,20,0.3357,0.5438
9,LockFree,2500,3,4,0,0,41,20,0.3168,0.5269
9,LockFree,2500,3,5,1,0,62,31,0.4527,0.6805
9,LockFree,2500,3,6,0,0,47,23,0.3567,0.5840
9,LockFree,2500,3,7,1,1,53,27,0.4158,0.6171
9,LockFree,2500,3,8,0,0,53,26,0.3171,0.4898
9,LockFree,2500,3,9,1,0,32,16,0.2730,0.4121
9,LockFree,2500,3,10,0,0,43,21,0.3485,0.5698
9,LockFree,2500,3,11,1,0,48,24,0.3830,0.5680
9,LockFree,2500,3,12,0,0,41,20,0.3323,0.5552
9,LockFree,2500,3,13,1,0,50,25,0.3825,0.5506
9,LockFree,2500,3,14,0,0,43,21,0.3365,0.6345
9,LockFree,2500,3,15,1,0,44,22,0.3480,0.6041
9,LockFree,2500,3,16,0,1,60,30,0.3796,0.5971
9,LockFree,2500,3,17,1,0,44,22,0.3538,0.5518
9,LockFree,2500,3,18,0,0,51,25,0.3928,0.6465
9,LockFree,2500,3,19,1,0,46,23,0.3731,0.6025
9,LockFree,2500,3,20,0,0,39,19,0.3144,0.5786
9,LockFree,2500,3,21,1,0,60,30,0.4542,0.8060
9,LockFree,2500,3,22,0,1,54,27,0.4217,0.6449
9,LockFree,2500,3,23,1,0,46,23,0.3884,0.6007
9,LockFree,2500,3,24,0,0,39,19,0.2990,0.5507
9,LockFree,2500,3,25,1,0,46,23,0.3803,0.5933
9,LockFree,2500,3,26,0,0,49,24,0.3842,0.6208
9,LockFree,2500,3,27,1,0,36,18,0.3106,0.4908
9,LockFree,2500,3,28,0,0,51,25,0.3923,0.6879
9,LockFree,2500,3,29,1,1,53,27,0.3956,0.6072
9,LockFree,2500,3,30,0,0,51,25,0.3696,0.5997
9,LockFree,2500,3,31,1,0,54,27,0.4112,0.7058
9,LockFree,2500,3,32,0,0,61,30,0.4114,0.6639
9,LockFree,2500,3,33,1,0,42,21,0.3420,0.5443
9,LockFree,2500,3,34,0,0,37,18,0.2961,0.5837
9,LockFree,2500,3,35,1,0,42,21,0.3384,0.5587
9,LockFree,2500,3,36,0,0,49,24,0.3798,0.5977
9,LockFree,2500,3,37,1,0,48,24,0.3897,0.6117
9,LockFree,2500,3,38,0,0,55,27,0.3914,0.6449
9,LockFree,2500,3,39,1,0,48,24,0.3827,0.6871
9,LockFree,2500,3,40,0,0,49,24,0.3820,0.6018
9,LockFree,2500,3,41,1,0,56,28,0.4206,0.6617
9,LockFree,2500,3,42,0,0,59,29,0.4160,0.6556
9,LockFree,2500,3,43,1,0,42,21,0.3507,0.5313
9,LockFree,2500,3,44,0,0,45,22,0.3609,0.5748
9,LockFree,2500,3,45,1,0,38,19,0.3165,0.5684
9,LockFree,2500,3,46,0,0,53,26,0.3959,0.7175
9,LockFree,2500,3,47,1,0,46,23,0.3794,0.5974
9,LockFree,2500,3,48,0,0,85,42,0.4710,0.7288
9,LockFree,2500,3,49,1,0,48,24,0.3781,0.6248
9,LockFree,2500,3,50,0,0,67,33,0.4555,0.7477
9,LockFree,2500,3,51,1,0,56,28,0.4145,0.6638
9,LockFree,2500,3,52,0,0,43,21,0.3342,0.5801
9,LockFree,2500,3,53,1,0,44,22,0.3602,0.5499
9,LockFree,2500,3,54,0,1,38,19,0.3144,0.5075
9,LockFree,2500,3,55,1,0,46,23,0.3634,0.5724
9,LockFree,2500,3,56,0,0,33,16,0.2736,0.4309
9,LockFree,2500,3,57,1,0,42,21,0.3430,0.6061
9,LockFree,2500,3,58,0,0,39,19,0.3156,0.5501
9,LockFree,2500,3,59,1,1,41,21,0.3392,0.5435
9,LockFree,2500,3,60,0,0,51,25,0.3993,0.6622
9,LockFree,2500,3,61,1,0,54,27,0.4152,0.6873
9,LockFree,2500,3,62,0,0,55,27,0.3789,0.6413
9,LockFree,2500,3,63,1,0,44,22,0.3693,0.5925
9,LockFree,2500,3,64,0,0,47,23,0.3756,0.5997
9,LockFree,2500,3,65,1,0,46,23,0.3716,0.5732
9,LockFree,2500,3,66,0,0,47,23,0.3788,0.6310
9,LockFree,2500,3,67,1,0,36,18,0.3086,0.5003
9,LockFree,2500,3,68,0,0,43,21,0.3384,0.5851
9,LockFree,2500,3,69,1,0,42,21,0.3518,0.5315
9,LockFree,2500,3,70,0,0,51,25,0.3840,0.6465
9,LockFree,2500,3,71,1,0,46,23,0.3775,0.5660
9,LockFree,2500,3,72,0,0,43,21,0.3528,0.5681
9,LockFree,2500,3,73,1,0,74,37,0.4892,0.7526
9,LockFree,2500,3,74,0,0,53,26,0.3915,0.6164
9,LockFree,2500,3,75,1,0,52,26,0.4192,0.6350
9,LockFree,2500,3,76,0,0,45,22,0.3553,0.6593
9,LockFree,2500,3,77,1,0,52,26,0.3850,0.6314
9,LockFree,2500,3,78,0,0,37,18,0.3023,0.5345
9,LockFree,2500,3,79,1,0,38,19,0.3148,0.5045
9,LockFree,2500,3,80,0,0,49,24,0.3789,0.6193
9,LockFree,2500,3,81,1,0,52,26,0.4068,0.6468
9,LockFree,2500,3,82,0,0,53,26,0.3971,0.6546
9,LockFree,2500,3,83,1,0,50,25,0.3994,0.6113
9,LockFree,2500,3,84,0,0,37,18,0.2971,0.5245
9,LockFree,2500,3,85,1,0,54,27,0.4217,0.6641
9,LockFree,2500,3,86,0,0,59,29,0.3942,0.7143
9,LockFree,2500,3,87,1,0,44,22,0.3787,0.5877
9,LockFree,2500,3,88,0,1,48,24,0.3704,0.6933
9,LockFree,2500,3,89,1,0,48,24,0.3875,0.6310
9,LockFree,2500,3,90,0,0,51,25,0.3994,0.6650
9,LockFree,2500,3,91,1,0,62,31,0.4416,0.7792
9,LockFree,2500,3,92,0,0,39,19,0.3141,0.5616
9,LockFree,2500,3,93,1,0,60,30,0.4319,0.6575
9,LockFree,2500,3,94,0,0,39,19,0.3130,0.5728
9,LockFree,2500,3,95,1,0,54,27,0.4116,0.7099
9,LockFree,2500,3,96,0,1,56,28,0.3895,0.7358
9,LockFree,2500,3,97,1,0,34,17,0.2873,0.4313
9,LockFree,2500,3,98,0,0,51,25,0.3926,0.6649
9,LockFree,2500,3,99,1,0,40,20,0.3329,0.5706
9,LockFree,2500,3,100,0,0,45,22,0.3583,0.6767
10,LockFree,2500,4,1,1,0,40,20,0.2563,0.4982
10,LockFree,2500,4,2,0,0,53,26,0.3071,0.6207
10,LockFree,2500,4,3,1,0,72,36,0.3768,0.7277
10,LockFree,2500,4,4,0,0,49,24,0.2773,0.5644
10,LockFree,2500,4,5,1,0,44,22,0.2865,0.5587
10,LockFree,2500,4,6,0,1,64,32,0.3552,0.7097
10,LockFree,2500,4,7,1,1,55,28,0.3378,0.6388
10,LockFree,2500,4,8,0,0,35,17,0.2153,0.4542
10,LockFree,2500,4,9,1,0,40,20,0.2619,0.5133
10,LockFree,2500,4,10,0,0,51,25,0.3017,0.6160
10,LockFree,2500,4,11,1,0,50,25,0.3115,0.6078
10,LockFree,2500,4,12,0,0,45,22,0.2699,0.5524
10,LockFree,2500,4,13,1,0,42,21,0.2635,0.5134
10,LockFree,2500,4,14,0,0,53,26,0.3041,0.6190
10,LockFree,2500,4,15,1,0,46,23,0.2811,0.5472
10,LockFree,2500,4,16,0,0,33,16,0.2155,0.4473
10,LockFree,2500,4,17,1,0,32,16,0.2164,0.4198
10,LockFree,2500,4,18,0,0,59,29,0.3282,0.6689
10,LockFree,2500,4,19,1,0,60,30,0.3344,0.6515
10,LockFree,2500,4,20,0,0,41,20,0.2538,0.5230
10,LockFree,2500,4,21,1,0,44,22,0.2718,0.5289
10,LockFree,2500,4,22,0,0,53,26,0.3124,0.6413
10,LockFree,2500,4,23,1,0,58,29,0.3500,0.6725
10,LockFree,2500,4,24,0,0,43,21,0.2776,0.5717
10,LockFree,2500,4,25,1,0,42,21,0.2781,0.5371
10,LockFree,2500,4,26,0,0,53,26,0.3071,0.6210
10,LockFree,2500,4,27,1,0,52,26,0.3128,0.6109
10,LockFree,2500,4,28,0,0,57,28,0.3056,0.6203
10,LockFree,2500,4,29,1,0,42,21,0.2718,0.5308
10,LockFree,2500,4,30,0,0,45,22,0.2776,0.5662
10,LockFree,2500,4,31,1,1,45,23,0.2807,0.5157
10,LockFree,2500,4,32,0,1,62,31,0.3481,0.6882
10,LockFree,2500,4,33,1,0,50,25,0.3156,0.6151
10,LockFree,2500,4,34,0,0,31,15,0.1984,0.4170
10,LockFree,2500,4,35,1,0,40,20,0.2435,0.4807
10,LockFree,2500,4,36,0,1,56,28,0.3209,0.6457
10,LockFree,2500,4,37,1,0,36,18,0.2424,0.4725
10,LockFree,2500,4,38,0,0,49,24,0.2957,0.6047
10,LockFree,2500,4,39,1,0,42,21,0.2693,0.5231
10,LockFree,2500,4,40,0,0,67,33,0.3621,0.7347
10,LockFree,2500,4,41,1,0,56,28,0.3336,0.6489
10,LockFree,2500,4,42,0,0,43,21,0.2691,0.5511
10,LockFree,2500,4,43,1,0,40,20,0.2565,0.4982
10,LockFree,2500,4,44,0,0,37,18,0.2333,0.4801
10,LockFree,2500,4,45,1,0,48,24,0.2954,0.5747
10,LockFree,2500,4,46,0,0,51,25,0.2824,0.5784
10,LockFree,2500,4,47,1,0,32,16,0.2171,0.4250
10,LockFree,2500,4,48,0,0,43,21,0.2706,0.5518
10,LockFree,2500,4,49,1,0,36,18,0.2405,0.4694
10,LockFree,2500,4,50,0,0,43,21,0.2701,0.5560
10,LockFree,2500,4,51,1,0,52,26,0.3156,0.6138
10,LockFree,2500,4,52,0,0,51,25,0.3138,0.6426
10,LockFree,2500,4,53,1,0,52,26,0.3089,0.5972
10,LockFree,2500,4,54,0,0,45,22,0.2687,0.5498
10,LockFree,2500,4,55,1,0,58,29,0.3087,0.5999
10,LockFree,2500,4,56,0,0,73,36,0.3005,0.6142
10,LockFree,2500,4,57,1,0,46,23,0.2860,0.5527
10,LockFree,2500,4,58,0,0,41,20,0.2474,0.5118
10,LockFree,2500,4,59,1,1,61,31,0.3501,0.6737
10,LockFree,2500,4,60,0,0,45,22,0.2733,0.5637
10,LockFree,2500,4,61,1,0,46,23,0.2954,0.5763
10,LockFree,2500,4,62,0,0,37,18,0.2301,0.4757
10,LockFree,2500,4,63,1,0,44,22,0.2811,0.5437
10,LockFree,2500,4,64,0,0,47,23,0.2863,0.5910
10,LockFree,2500,4,65,1,0,46,23,0.2846,0.5535
10,LockFree,2500,4,66,0,0,47,23,0.2929,0.6017
10,LockFree,2500,4,67,1,0,50,25,0.2820,0.5441
10,LockFree,2500,4,68,0,0,47,23,0.2843,0.5806
10,LockFree,2500,4,69,1,0,50,25,0.3043,0.5942
10,LockFree,2500,4,70,0,0,33,16,0.2137,0.4489
10,LockFree,2500,4,71,1,0,46,23,0.2858,0.5613
10,LockFree,2500,4,72,0,0,41,20,0.2425,0.4999
10,LockFree,2500,4,73,1,0,36,18,0.2392,0.4665
10,LockFree,2500,4,74,0,0,47,23,0.2942,0.5960
10,LockFree,2500,4,75,1,0,52,26,0.3123,0.6082
10,LockFree,2500,4,76,0,0,47,23,0.2913,0.5983
10,LockFree,2500,4,77,1,0,48,24,0.2994,0.5831
10,LockFree,2500,4,78,0,0,45,22,0.2792,0.5791
10,LockFree,2500,4,79,1,0,52,26,0.2975,0.5807
10,LockFree,2500,4,80,0,0,33,16,0.2124,0.4478
10,LockFree,2500,4,81,1,0,42,21,0.2747,0.5314
10,LockFree,2500,4,82,0,0,45,22,0.2807,0.5777
10,LockFree,2500,4,83,1,0,64,32,0.3663,0.7146
10,LockFree,2500,4,84,0,0,49,24,0.2830,0.5801
10,LockFree,2500,4,85,1,0,44,22,0.2871,0.5600
10,LockFree,2500,4,86,0,0,47,23,0.2835,0.5811
10,LockFree,2500,4,87,1,0,38,19,0.2509,0.4884
10,LockFree,2500,4,88,0,0,53,26,0.3233,0.6574
10,LockFree,2500,4,89,1,0,34,17,0.2331,0.4533
10,LockFree,2500,4,90,0,0,47,23,0.2826,0.5855
10,LockFree,2500,4,91,1,1,55,28,0.3234,0.6156
10,LockFree,2500,4,92,0,0,39,19,0.2502,0.5141
10,LockFree,2500,4,93,1,0,48,24,0.2999,0.5792
10,LockFree,2500,4,94,0,0,47,23,0.2864,0.5871
10,LockFree,2500,4,95,1,0,46,23,0.2908,0.5584
10,LockFree,2500,4,96,0,0,39,19,0.2493,0.5150
10,LockFree,2500,4,97,1,0,54,27,0.3294,0.6405
10,LockFree,2500,4,98,0,0,51,25,0.2996,0.6138
10,LockFree,2500,4,99,1,0,38,19,0.2505,0.4878
10,LockFree,2500,4,100,0,0,47,23,0.2893,0.5956
11,VirtualLoss,2500,2,1,1,0,48,24,0.5599,0.6908
11,VirtualLoss,2500,2,2,0,0,25,12,0.3057,0.4275
11,VirtualLoss,2500,2,3,1,0,52,26,0.5807,0.7228
11,VirtualLoss,2500,2,4,0,0,45,22,0.5269,0.6452
11,VirtualLoss,2500,2,5,1,0,48,24,0.5605,0.7095
11,VirtualLoss,2500,2,6,0,0,55,27,0.6027,0.7735
11,VirtualLoss,2500,2,7,1,1,43,22,0.5084,0.6638
11,VirtualLoss,2500,2,8,0,0,49,24,0.5554,0.7420
11,VirtualLoss,2500,2,9,1,0,52,26,0.6047,0.6972
11,VirtualLoss,2500,2,10,0,0,47,23,0.5032,0.7061
11,VirtualLoss,2500,2,11,1,0,50,25,0.5844,0.7000
11,VirtualLoss,2500,2,12,0,0,53,26,0.5558,0.6795
11,VirtualLoss,2500,2,13,1,0,48,24,0.5722,0.7399
11,VirtualLoss,2500,2,14,0,0,47,23,0.5482,0.6739
11,VirtualLoss,2500,2,15,1,0,42,21,0.5169,0.6616
11,VirtualLoss,2500,2,16,0,1,42,21,0.4869,0.6383
11,VirtualLoss,2500,2,17,1,0,48,24,0.5468,0.6190
11,VirtualLoss,2500,2,18,0,1,48,24,0.5479,0.7058
11,VirtualLoss,2500,2,19,1,0,40,20,0.4817,0.6731
11,VirtualLoss,2500,2,20,0,0,51,25,0.5743,0.7141
11,VirtualLoss,2500,2,21,1,0,36,18,0.4610,0.5471
11,VirtualLoss,2500,2,22,0,0,45,22,0.5146,0.6892
11,VirtualLoss,2500,2,23,1,0,60,30,0.6216,0.7704
11,VirtualLoss,2500,2,24,0,0,69,34,0.6730,0.8252
11,VirtualLoss,2500,2,25,1,0,38,19,0.4695,0.5150
11,VirtualLoss,2500,2,26,0,1,44,22,0.5226,0.6175
11,VirtualLoss,2500,2,27,1,0,40,20,0.4848,0.5722
11,VirtualLoss,2500,2,28,0,0,43,21,0.4990,0.6007
11,VirtualLoss,2500,2,29,1,0,44,22,0.5257,0.6492
11,VirtualLoss,2500,2,30,0,0,49,24,0.5622,0.6773
11,VirtualLoss,2500,2,31,1,0,40,20,0.4452,0.5489
11,VirtualLoss,2500,2,32,0,0,53,26,0.5914,0.7394
11,VirtualLoss,2500,2,33,1,0,52,26,0.5647,0.7192
11,VirtualLoss,2500,2,34,0,0,45,22,0.5262,0.6636
11,VirtualLoss,2500,2,35,1,0,52,26,0.5717,0.7290
11,VirtualLoss,2500,2,36,0,0,49,24,0.5536,0.6869
11,VirtualLoss,2500,2,37,1,0,58,29,0.6328,0.7673
11,VirtualLoss,2500,2,38,0,0,53,26,0.5869,0.7316
11,VirtualLoss,2500,2,39,1,0,50,25,0.5817,0.6741
11,VirtualLoss,2500,2,40,0,0,51,25,0.5561,0.6811
11,VirtualLoss,2500,2,41,1,0,60,30,0.6360,0.7835
11,VirtualLoss,2500,2,42,0,0,51,25,0.5512,0.7151
11,VirtualLoss,2500,2,43,1,0,36,18,0.4597,0.5047
11,VirtualLoss,2500,2,44,0,0,61,30,0.6273,0.7812
11,VirtualLoss,2500,2,45,1,0,58,29,0.6296,0.7946
11,VirtualLoss,2500,2,46,0,0,41,20,0.4809,0.6297
11,VirtualLoss,2500,2,47,1,0,34,17,0.4299,0.5229
11,VirtualLoss,2500,2,48,0,0,45,22,0.4950,0.5808
11,VirtualLoss,2500,2,49,1,0,56,28,0.6249,0.7238
11,VirtualLoss,2500,2,50,0,0,47,23,0.5303,0.6821
11,VirtualLoss,2500,2,51,1,0,44,22,0.5053,0.6439
11,VirtualLoss,2500,2,52,0,0,51,25,0.5822,0.7671
11,VirtualLoss,2500,2,53,1,0,44,22,0.5314,0.6534
11,VirtualLoss,2500,2,54,0,0,69,34,0.6385,0.7829
11,VirtualLoss,2500,2,55,1,0,44,22,0.5466,0.6696
11,VirtualLoss,2500,2,56,0,0,45,22,0.5302,0.7279
11,VirtualLoss,2500,2,57,1,0,34,17,0.3982,0.5422
11,VirtualLoss,2500,2,58,0,0,43,21,0.4760,0.6408
11,VirtualLoss,2500,2,59,1,1,67,34,0.6655,0.7741
11,VirtualLoss,2500,2,60,0,0,37,18,0.4390,0.6003
11,VirtualLoss,2500,2,61,1,0,48,24,0.5677,0.7308
11,VirtualLoss,2500,2,62,0,0,57,28,0.6184,0.8471
11,VirtualLoss,2500,2,63,1,0,48,24,0.5564,0.6459
11,VirtualLoss,2500,2,64,0,0,51,25,0.5456,0.7737
11,VirtualLoss,2500,2,65,1,0,34,17,0.4159,0.5507
11,VirtualLoss,2500,2,66,0,0,57,28,0.5962,0.7504
11,VirtualLoss,2500,2,67,1,0,40,20,0.4678,0.5899
11,VirtualLoss,2500,2,68,0,0,37,18,0.4401,0.6340
11,VirtualLoss,2500,2,69,1,0,56,28,0.6285,0.7611
11,VirtualLoss,2500,2,70,0,1,44,22,0.5115,0.6097
11,VirtualLoss,2500,2,71,1,0,44,22,0.5335,0.6321
11,VirtualLoss,2500,2,72,0,0,49,24,0.5340,0.6667
11,VirtualLoss,2500,2,73,1,0,50,25,0.5739,0.6805
11,VirtualLoss,2500,2,74,0,0,57,28,0.6100,0.7045
11,VirtualLoss,2500,2,75,1,0,46,23,0.5332,0.6246
11,VirtualLoss,2500,2,76,0,0,57,28,0.5796,0.7379
11,VirtualLoss,2500,2,77,1,0,40,20,0.4696,0.5317
11,VirtualLoss,2500,2,78,0,0,43,21,0.4666,0.5913
11,VirtualLoss,2500,2,79,1,0,52,26,0.6010,0.7400
11,VirtualLoss,2500,2,80,0,0,51,25,0.5568,0.7436
11,VirtualLoss,2500,2,81,1,0,42,21,0.5044,0.5674
11,VirtualLoss,2500,2,82,0,0,45,22,0.4972,0.5908
11,VirtualLoss,2500,2,83,1,0,36,18,0.4486,0.5592
11,VirtualLoss,2500,2,84,0,0,57,28,0.5286,0.6651
11,VirtualLoss,2500,2,85,1,0,44,22,0.5024,0.6299
11,VirtualLoss,2500,2,86,0,0,43,21,0.4607,0.5077
11,VirtualLoss,2500,2,87,1,0,58,29,0.6198,0.7021
11,VirtualLoss,2500,2,88,0,0,43,21,0.5081,0.6132
11,VirtualLoss,2500,2,89,1,0,56,28,0.6110,0.7336
11,VirtualLoss,2500,2,90,0,0,37,18,0.4412,0.5739
11,VirtualLoss,2500,2,91,1,0,64,32,0.6748,0.8298
11,VirtualLoss,2500,2,92,0,0,39,19,0.4728,0.6698
11,VirtualLoss,2500,2,93,1,0,40,20,0.4960,0.6281
11,VirtualLoss,2500,2,94,0,0,53,26,0.5601,0.6737
11,VirtualLoss,2500,2,95,1,0,52,26,0.5920,0.7344
11,VirtualLoss,2500,2,96,0,0,57,28,0.6018,0.7512
11,VirtualLoss,2500,2,97,1,0,72,36,0.6917,0.7912
11,VirtualLoss,2500,2,98,0,1,50,25,0.5550,0.7233
11,VirtualLoss,2500,2,99,1,0,48,24,0.5606,0.6988
11,VirtualLoss,2500,2,100,0,0,39,19,0.4489,0.5968
12,VirtualLoss,2500,3,1,1,0,52,26,0.3935,0.5925
12,VirtualLoss,2500,3,2,0,0,35,17,0.2747,0.4332
12,VirtualLoss,2500,3,3,1,1,49,25,0.3762,0.6096
12,VirtualLoss,2500,3,4,0,0,35,17,0.2804,0.5091
12,VirtualLoss,2500,3,5,1,0,36,18,0.3114,0.4765
12,VirtualLoss,2500,3,6,0,0,43,21,0.3380,0.5749
12,VirtualLoss,2500,3,7,1,0,48,24,0.3731,0.6130
12,VirtualLoss,2500,3,8,0,0,53,26,0.3518,0.6882
12,VirtualLoss,2500,3,9,1,1,63,32,0.4661,0.6888
12,VirtualLoss,2500,3,10,0,0,45,22,0.3554,0.6639
12,VirtualLoss,2500,3,11,1,0,46,23,0.3758,0.6877
12,VirtualLoss,2500,3,12,0,0,41,20,0.3255,0.5731
12,VirtualLoss,2500,3,13,1,0,44,22,0.3703,0.5627
12,VirtualLoss,2500,3,14,0,0,31,15,0.2510,0.4604
12,VirtualLoss,2500,3,15,1,0,46,23,0.3670,0.6056
12,VirtualLoss,2500,3,16,0,0,41,20,0.3310,0.5534
12,VirtualLoss,2500,3,17,1,1,69,35,0.4733,0.7553
12,VirtualLoss,2500,3,18,0,0,47,23,0.3497,0.5736
12,VirtualLoss,2500,3,19,1,0,46,23,0.3656,0.5657
12,VirtualLoss,2500,3,20,0,0,49,24,0.3594,0.5693
12,VirtualLoss,2500,3,21,1,1,75,38,0.4901,0.8288
12,VirtualLoss,2500,3,22,0,0,45,22,0.3496,0.6129
12,VirtualLoss,2500,3,23,1,0,38,19,0.3110,0.5099
12,VirtualLoss,2500,3,24,0,0,39,19,0.2977,0.5266
12,VirtualLoss,2500,3,25,1,0,44,22,0.3598,0.6113
12,VirtualLoss,2500,3,26,0,0,55,27,0.4306,0.7081
12,VirtualLoss,2500,3,27,1,1,59,30,0.4044,0.6764
12,VirtualLoss,2500,3,28,0,1,44,22,0.3516,0.5603
12,VirtualLoss,2500,3,29,1,0,58,29,0.3393,0.5304
12,VirtualLoss,2500,3,30,0,0,31,15,0.2599,0.4252
12,VirtualLoss,2500,3,31,1,0,42,21,0.3533,0.5705
12,VirtualLoss,2500,3,32,0,0,51,25,0.3766,0.6822
12,VirtualLoss,2500,3,33,1,0,46,23,0.3695,0.6488
12,VirtualLoss,2500,3,34,0,0,53,26,0.3455,0.5733
12,VirtualLoss,2500,3,35,1,0,54,27,0.4122,0.6516
12,VirtualLoss,2500,3,36,0,0,49,24,0.3789,0.5984
12,VirtualLoss,2500,3,37,1,0,48,24,0.3664,0.6980
12,VirtualLoss,2500,3,38,0,0,51,25,0.3761,0.6671
12,VirtualLoss,2500,3,39,1,1,67,34,0.4767,0.7538
12,VirtualLoss,2500,3,40,0,0,43,21,0.3432,0.5816
12,VirtualLoss,2500,3,41,1,0,52,26,0.3980,0.6019
12,VirtualLoss,2500,3,42,0,1,52,26,0.3949,0.6491
12,VirtualLoss,2500,3,43,1,1,53,27,0.4138,0.6999
12,VirtualLoss,2500,3,44,0,0,57,28,0.4192,0.7300
12,VirtualLoss,2500,3,45,1,0,34,17,0.2836,0.4279
12,VirtualLoss,2500,3,46,0,0,67,33,0.4162,0.7061
12,VirtualLoss,2500,3,47,1,0,58,29,0.4059,0.6858
12,VirtualLoss,2500,3,48,0,0,37,18,0.2689,0.4786
12,VirtualLoss,2500,3,49,1,0,56,28,0.4324,0.7068
12,VirtualLoss,2500,3,50,0,1,50,25,0.3825,0.6379
12,VirtualLoss,2500,3,51,1,0,58,29,0.4292,0.6951
12,VirtualLoss,2500,3,52,0,0,49,24,0.3742,0.6734
12,VirtualLoss,2500,3,53,1,0,40,20,0.3304,0.5322
12,VirtualLoss,2500,3,54,0,0,45,22,0.3544,0.6784
12,VirtualLoss,2500,3,55,1,0,54,27,0.4057,0.6482
12,VirtualLoss,2500,3,56,0,0,41,20,0.3243,0.5597
12,VirtualLoss,2500,3,57,1,0,64,32,0.4574,0.7058
12,VirtualLoss,2500,3,58,0,0,49,24,0.3751,0.6195
12,VirtualLoss,2500,3,59,1,0,32,16,0.2775,0.4304
12,VirtualLoss,2500,3,60,0,0,41,20,0.3277,0.5998
12,VirtualLoss,2500,3,61,1,0,46,23,0.3726,0.5956
12,VirtualLoss,2500,3,62,0,0,45,22,0.3491,0.6378
12,VirtualLoss,2500,3,63,1,0,38,19,0.3124,0.5076
12,VirtualLoss,2500,3,64,0,0,51,25,0.3822,0.6571
12,VirtualLoss,2500,3,65,1,1,51,26,0.3894,0.6254
12,VirtualLoss,2500,3,66,0,0,35,17,0.2860,0.4922
12,VirtualLoss,2500,3,67,1,0,54,27,0.4083,0.6387
12,VirtualLoss,2500,3,68,0,0,41,20,0.3291,0.5381
12,VirtualLoss,2500,3,69,1,1,59,30,0.4366,0.6499
12,VirtualLoss,2500,3,70,0,0,33,16,0.2714,0.5048
12,VirtualLoss,2500,3,71,1,0,34,17,0.2882,0.4984
12,VirtualLoss,2500,3,72,0,0,57,28,0.3582,0.7136
12,VirtualLoss,2500,3,73,1,0,46,23,0.3571,0.6169
12,VirtualLoss,2500,3,74,0,0,59,29,0.4333,0.7221
12,VirtualLoss,2500,3,75,1,0,40,20,0.3316,0.4997
12,VirtualLoss,2500,3,76,0,0,35,17,0.2789,0.4962
12,VirtualLoss,2500,3,77,1,0,48,24,0.3750,0.6490
12,VirtualLoss,2500,3,78,0,0,63,31,0.4291,0.7154
12,VirtualLoss,2500,3,79,1,0,44,22,0.3393,0.6030
12,VirtualLoss,2500,3,80,0,1,54,27,0.4207,0.6350
12,VirtualLoss,2500,3,81,1,0,44,22,0.3444,0.5455
12,VirtualLoss,2500,3,82,0,0,51,25,0.3720,0.6688
12,VirtualLoss,2500,3,83,1,0,38,19,0.3119,0.5173
12,VirtualLoss,2500,3,84,0,1,56,28,0.4181,0.6581
12,VirtualLoss,2500,3,85,1,0,50,25,0.3892,0.7015
12,VirtualLoss,2500,3,86,0,0,31,15,0.2508,0.4310
12,VirtualLoss,2500,3,87,1,1,57,29,0.4099,0.6602
12,VirtualLoss,2500,3,88,0,0,45,22,0.3563,0.6296
12,VirtualLoss,2500,3,89,1,0,44,22,0.3491,0.5685
12,VirtualLoss,2500,3,90,0,0,55,27,0.4079,0.6956
12,VirtualLoss,2500,3,91,1,0,60,30,0.3292,0.5126
12,VirtualLoss,2500,3,92,0,0,39,19,0.3133,0.5031
12,VirtualLoss,2500,3,93,1,0,40,20,0.3256,0.5189
12,VirtualLoss,2500,3,94,0,0,49,24,0.3731,0.6980
12,VirtualLoss,2500,3,95,1,0,36,18,0.3100,0.5762
12,VirtualLoss,2500,3,96,0,0,51,25,0.3692,0.6845
12,VirtualLoss,2500,3,97,1,0,48,24,0.3887,0.6255
12,VirtualLoss,2500,3,98,0,0,57,28,0.4116,0.7012
12,VirtualLoss,2500,3,99,1,0,54,27,0.3687,0.5613
12,VirtualLoss,2500,3,100,0,1,66,33,0.4739,0.8262
13,VirtualLoss,2500,4,1,1,0,40,20,0.2726,0.5314
13,VirtualLoss,2500,4,2,0,0,37,18,0.2408,0.5036
13,VirtualLoss,2500,4,3,1,0,54,27,0.3228,0.6354
13,VirtualLoss,2500,4,4,0,0,39,19,0.2561,0.5338
13,VirtualLoss,2500,4,5,1,0,34,17,0.2240,0.4394
13,VirtualLoss,2500,4,6,0,0,33,16,0.2118,0.4447
13,VirtualLoss,2500,4,7,1,0,50,25,0.3058,0.6019
13,VirtualLoss,2500,4,8,0,0,45,22,0.2772,0.5720
13,VirtualLoss,2500,4,9,1,1,49,25,0.3003,0.5631
13,VirtualLoss,2500,4,10,0,0,49,24,0.2916,0.6036
13,VirtualLoss,2500,4,11,1,0,46,23,0.2926,0.5712
13,VirtualLoss,2500,4,12,0,0,47,23,0.2837,0.5849
13,VirtualLoss,2500,4,13,1,0,38,19,0.2424,0.4764
13,VirtualLoss,2500,4,14,0,0,51,25,0.2953,0.6130
13,VirtualLoss,2500,4,15,1,0,38,19,0.2467,0.4827
13,VirtualLoss,2500,4,16,0,0,57,28,0.3075,0.6301
13,VirtualLoss,2500,4,17,1,0,44,22,0.2825,0.5537
13,VirtualLoss,2500,4,18,0,0,33,16,0.2114,0.4455
13,VirtualLoss,2500,4,19,1,0,54,27,0.3195,0.6281
13,VirtualLoss,2500,4,20,0,0,45,22,0.2790,0.5772
13,VirtualLoss,2500,4,21,1,0,66,33,0.3634,0.7099
13,VirtualLoss,2500,4,22,0,0,45,22,0.2854,0.5901
13,VirtualLoss,2500,4,23,1,0,38,19,0.2336,0.4619
13,VirtualLoss,2500,4,24,0,1,46,23,0.2894,0.5722
13,VirtualLoss,2500,4,25,1,0,42,21,0.2691,0.5235
13,VirtualLoss,2500,4,26,0,0,35,17,0.2276,0.4742
13,VirtualLoss,2500,4,27,1,0,48,24,0.2960,0.5857
13,VirtualLoss,2500,4,28,0,0,67,33,0.3296,0.6775
13,VirtualLoss,2500,4,29,1,0,48,24,0.3049,0.5949
13,VirtualLoss,2500,4,30,0,0,61,30,0.3408,0.7008
13,VirtualLoss,2500,4,31,1,0,54,27,0.2920,0.5667
13,VirtualLoss,2500,4,32,0,0,43,21,0.2539,0.5289
13,VirtualLoss,2500,4,33,1,1,53,27,0.3097,0.5889
13,VirtualLoss,2500,4,34,0,1,62,31,0.3248,0.6454
13,VirtualLoss,2500,4,35,1,0,48,24,0.2813,0.5519
13,VirtualLoss,2500,4,36,0,0,37,18,0.2385,0.4939
13,VirtualLoss,2500,4,37,1,0,60,30,0.3414,0.6647
13,VirtualLoss,2500,4,38,0,1,72,36,0.3665,0.7482
13,VirtualLoss,2500,4,39,1,0,58,29,0.3167,0.6174
13,VirtualLoss,2500,4,40,0,0,45,22,0.2727,0.5644
13,VirtualLoss,2500,4,41,1,1,69,35,0.3725,0.7146
13,VirtualLoss,2500,4,42,0,0,47,23,0.2834,0.5839
13,VirtualLoss,2500,4,43,1,0,46,23,0.2815,0.5521
13,VirtualLoss,2500,4,44,0,0,49,24,0.2969,0.6132
13,VirtualLoss,2500,4,45,1,0,46,23,0.2962,0.5801
13,VirtualLoss,2500,4,46,0,0,49,24,0.2781,0.5710
13,VirtualLoss,2500,4,47,1,1,59,30,0.3369,0.6429
13,VirtualLoss,2500,4,48,0,0,37,18,0.2399,0.5019
13,VirtualLoss,2500,4,49,1,0,34,17,0.2212,0.4331
13,VirtualLoss,2500,4,50,0,0,41,20,0.2575,0.5305
13,VirtualLoss,2500,4,51,1,0,48,24,0.2905,0.5750
13,VirtualLoss,2500,4,52,0,0,43,21,0.2765,0.5692
13,VirtualLoss,2500,4,53,1,0,52,26,0.3111,0.6201
13,VirtualLoss,2500,4,54,0,0,51,25,0.2952,0.6068
13,VirtualLoss,2500,4,55,1,0,58,29,0.3376,0.6590
13,VirtualLoss,2500,4,56,0,0,45,22,0.2779,0.5735
13,VirtualLoss,2500,4,57,1,1,45,23,0.2818,0.5322
13,VirtualLoss,2500,4,58,0,0,41,20,0.2467,0.5134
13,VirtualLoss,2500,4,59,1,0,32,16,0.2096,0.4102
13,VirtualLoss,2500,4,60,0,0,37,18,0.2336,0.4872
13,VirtualLoss,2500,4,61,1,0,44,22,0.2746,0.5383
13,VirtualLoss,2500,4,62,0,0,35,17,0.2200,0.4576
13,VirtualLoss,2500,4,63,1,1,43,22,0.2848,0.5339
13,VirtualLoss,2500,4,64,0,0,55,27,0.2968,0.6072
13,VirtualLoss,2500,4,65,1,0,52,26,0.3162,0.6181
13,VirtualLoss,2500,4,66,0,1,58,29,0.3323,0.6630
13,VirtualLoss,2500,4,67,1,0,50,25,0.3041,0.5946
13,VirtualLoss,2500,4,68,0,0,35,17,0.2313,0.4782
13,VirtualLoss,2500,4,69,1,0,52,26,0.3079,0.6057
13,VirtualLoss,2500,4,70,0,0,41,20,0.2569,0.5317
13,VirtualLoss,2500,4,71,1,1,61,31,0.3330,0.6358
13,VirtualLoss,2500,4,72,0,0,45,22,0.2700,0.5590
13,VirtualLoss,2500,4,73,1,0,38,19,0.2465,0.4829
13,VirtualLoss,2500,4,74,0,0,67,33,0.3398,0.6878
13,VirtualLoss,2500,4,75,1,0,46,23,0.2793,0.5477
13,VirtualLoss,2500,4,76,0,1,56,28,0.3190,0.6447
13,VirtualLoss,2500,4,77,1,1,47,24,0.2945,0.5620
13,VirtualLoss,2500,4,78,0,0,47,23,0.2930,0.6023
13,VirtualLoss,2500,4,79,1,0,56,28,0.3239,0.6293
13,VirtualLoss,2500,4,80,0,1,58,29,0.3387,0.6761
13,VirtualLoss,2500,4,81,1,0,52,26,0.3204,0.6259
13,VirtualLoss,2500,4,82,0,0,41,20,0.2589,0.5338
13,VirtualLoss,2500,4,83,1,0,38,19,0.2532,0.4946
13,VirtualLoss,2500,4,84,0,0,47,23,0.2776,0.5795
13,VirtualLoss,2500,4,85,1,0,52,26,0.3065,0.6051
13,VirtualLoss,2500,4,86,0,0,41,20,0.2642,0.5470
13,VirtualLoss,2500,4,87,1,0,48,24,0.2965,0.5813
13,VirtualLoss,2500,4,88,0,1,58,29,0.3337,0.6702
13,VirtualLoss,2500,4,89,1,0,38,19,0.2518,0.4867
13,VirtualLoss,2500,4,90,0,0,47,23,0.2818,0.5821
13,VirtualLoss,2500,4,91,1,0,44,22,0.2923,0.5709
13,VirtualLoss,2500,4,92,0,1,56,28,0.3196,0.6373
13,VirtualLoss,2500,4,93,1,0,42,21,0.2611,0.5157
13,VirtualLoss,2500,4,94,0,0,39,19,0.2370,0.4940
13,VirtualLoss,2500,4,95,1,0,46,23,0.2903,0.5731
13,VirtualLoss,2500,4,96,0,0,45,22,0.2794,0.5763
13,VirtualLoss,2500,4,97,1,0,52,26,0.3029,0.5878
13,VirtualLoss,2500,4,98,0,0,41,20,0.2592,0.5375
13,VirtualLoss,2500,4,99,1,0,50,25,0.3062,0.5989
13,VirtualLoss,2500,4,100,0,0,53,26,0.3081,0.6304
14,Task,2500,2,1,1,0,48,24,0.5651,0.6402
14,Task,2500,2,2,0,0,41,20,0.4870,0.5404
14,Task,2500,2,3,1,0,44,22,0.5274,0.6444
14,Task,2500,2,4,0,0,31,15,0.3838,0.4628
14,Task,2500,2,5,1,0,38,19,0.4839,0.5911
14,Task,2500,2,6,0,0,65,32,0.6787,0.8933
14,Task,2500,2,7,1,0,40,20,0.4832,0.6106
14,Task,2500,2,8,0,0,51,25,0.5683,0.7251
14,Task,2500,2,9,1,0,50,25,0.5913,0.6540
14,Task,2500,2,10,0,0,45,22,0.5329,0.7017
14,Task,2500,2,11,1,0,32,16,0.4137,0.4943
14,Task,2500,2,12,0,0,45,22,0.5246,0.6213
14,Task,2500,2,13,1,0,40,20,0.4917,0.5931
14,Task,2500,2,14,0,0,43,21,0.5073,0.5971
14,Task,2500,2,15,1,0,38,19,0.4757,0.5673
14,Task,2500,2,16,0,0,31,15,0.3974,0.4620
14,Task,2500,2,17,1,0,44,22,0.5010,0.5655
14,Task,2500,2,18,0,0,47,23,0.5448,0.7114
14,Task,2500,2,19,1,0,52,26,0.6113,0.7053
14,Task,2500,2,20,0,0,43,21,0.5096,0.6289
14,Task,2500,2,21,1,0,42,21,0.5017,0.5662
14,Task,2500,2,22,0,1,40,20,0.4867,0.6023
14,Task,2500,2,23,1,0,38,19,0.4705,0.6290
14,Task,2500,2,24,0,0,45,22,0.5301,0.7363
14,Task,2500,2,25,1,1,69,35,0.7156,0.8753
14,Task,2500,2,26,0,0,39,19,0.4787,0.6094
14,Task,2500,2,27,1,1,45,23,0.5691,0.6638
14,Task,2500,2,28,0,0,45,22,0.5280,0.6919
14,Task,2500,2,29,1,1,47,24,0.5569,0.6381
14,Task,2500,2,30,0,0,63,31,0.5865,0.7344
14,Task,2500,2,31,1,0,48,24,0.5804,0.7561
14,Task,2500,2,32,0,1,62,31,0.6601,0.7945
14,Task,2500,2,33,1,0,52,26,0.5984,0.6901
14,Task,2500,2,34,0,0,47,23,0.5402,0.6593
14,Task,2500,2,35,1,0,42,21,0.5083,0.6326
14,Task,2500,2,36,0,0,65,32,0.6481,0.7454
14,Task,2500,2,37,1,0,44,22,0.5301,0.6735
14,Task,2500,2,38,0,0,45,22,0.5188,0.6469
14,Task,2500,2,39,1,1,55,28,0.6319,0.7289
14,Task,2500,2,40,0,0,35,17,0.4321,0.5015
14,Task,2500,2,41,1,0,32,16,0.4112,0.4587
14,Task,2500,2,42,0,1,60,30,0.6585,0.6713
14,Task,2500,2,43,1,0,52,26,0.6233,0.6753
14,Task,2500,2,44,0,0,55,27,0.5530,0.6552
14,Task,2500,2,45,1,0,36,18,0.4460,0.5523
14,Task,2500,2,46,0,0,43,21,0.5204,0.6703
14,Task,2500,2,47,1,0,40,20,0.4816,0.5136
14,Task,2500,2,48,0,0,53,26,0.6086,0.7556
14,Task,2500,2,49,1,0,52,26,0.6014,0.7198
14,Task,2500,2,50,0,0,49,24,0.5569,0.7154
14,Task,2500,2,51,1,0,50,25,0.5912,0.7645
14,Task,2500,2,52,0,0,45,22,0.5331,0.6926
14,Task,2500,2,53,1,0,40,20,0.4834,0.5536
14,Task,2500,2,54,0,0,49,24,0.5690,0.7495
14,Task,2500,2,55,1,0,48,24,0.5705,0.6995
14,Task,2500,2,56,0,0,47,23,0.5367,0.6011
14,Task,2500,2,57,1,0,44,22,0.5271,0.6439
14,Task,2500,2,58,0,0,45,22,0.5378,0.7051
14,Task,2500,2,59,1,0,54,27,0.6198,0.8128
14,Task,2500,2,60,0,0,45,22,0.5334,0.6968
14,Task,2500,2,61,1,0,56,28,0.5918,0.7631
14,Task,2500,2,62,0,0,51,25,0.5800,0.6524
14,Task,2500,2,63,1,0,40,20,0.4975,0.5865
14,Task,2500,2,64,0,0,49,24,0.5550,0.6788
14,Task,2500,2,65,1,0,44,22,0.5432,0.6950
14,Task,2500,2,66,0,0,35,17,0.4276,0.5791
14,Task,2500,2,67,1,0,44,22,0.5276,0.6080
14,Task,2500,2,68,0,0,43,21,0.5176,0.6401
14,Task,2500,2,69,1,0,38,19,0.4721,0.5306
14,Task,2500,2,70,0,0,51,25,0.5788,0.6902
14,Task,2500,2,71,1,0,36,18,0.4573,0.5787
14,Task,2500,2,72,0,0,39,19,0.4720,0.5975
14,Task,2500,2,73,1,0,40,20,0.4995,0.6469
14,Task,2500,2,74,0,0,57,28,0.5623,0.6505
14,Task,2500,2,75,1,0,42,21,0.5167,0.6323
14,Task,2500,2,76,0,0,33,16,0.3841,0.4825
14,Task,2500,2,77,1,0,44,22,0.5184,0.6148
14,Task,2500,2,78,0,0,31,15,0.3902,0.5039
14,Task,2500,2,79,1,0,56,28,0.6226,0.6953
14,Task,2500,2,80,0,0,45,22,0.5168,0.6451
14,Task,2500,2,81,1,0,50,25,0.5875,0.6972
14,Task,2500,2,82,0,0,31,15,0.3873,0.4641
14,Task,2500,2,83,1,0,40,20,0.4893,0.5982
14,Task,2500,2,84,0,0,51,25,0.5950,0.7795
14,Task,2500,2,85,1,0,42,21,0.5096,0.5185
14,Task,2500,2,86,0,1,42,21,0.5060,0.5486
14,Task,2500,2,87,1,0,34,17,0.4352,0.5428
14,Task,2500,2,88,0,0,53,26,0.6120,0.7170
14,Task,2500,2,89,1,0,54,27,0.5769,0.5986
14,Task,2500,2,90,0,0,29,14,0.3638,0.3920
14,Task,2500,2,91,1,0,44,22,0.5128,0.6402
14,Task,2500,2,92,0,0,39,19,0.4415,0.6044
14,Task,2500,2,93,1,0,40,20,0.5035,0.6201
14,Task,2500,2,94,0,0,37,18,0.4483,0.5509
14,Task,2500,2,95,1,0,32,16,0.4180,0.4827
14,Task,2500,2,96,0,0,53,26,0.6010,0.7770
14,Task,2500,2,97,1,0,42,21,0.5163,0.6094
14,Task,2500,2,98,0,0,61,30,0.6431,0.7743
14,Task,2500,2,99,1,0,34,17,0.4374,0.5614
14,Task,2500,2,100,0,0,31,15,0.3846,0.4431
15,Task,2500,3,1,1,0,44,22,0.3646,0.5933
15,Task,2500,3,2,0,1,58,29,0.4356,0.7041
15,Task,2500,3,3,1,0,58,29,0.4475,0.6709
15,Task,2500,3,4,0,0,45,22,0.3598,0.5509
15,Task,2500,3,5,1,0,58,29,0.4181,0.6303
15,Task,2500,3,6,0,0,43,21,0.3466,0.6154
15,Task,2500,3,7,1,0,64,32,0.4397,0.7724
15,Task,2500,3,8,0,0,45,22,0.3535,0.6592
15,Task,2500,3,9,1,0,52,26,0.4063,0.6614
15,Task,2500,3,10,0,0,57,28,0.4230,0.7462
15,Task,2500,3,11,1,0,44,22,0.3585,0.5429
15,Task,2500,3,12,0,0,49,24,0.3815,0.7013
15,Task,2500,3,13,1,1,61,31,0.4666,0.7057
15,Task,2500,3,14,0,0,45,22,0.3590,0.6118
15,Task,2500,3,15,1,1,55,28,0.4271,0.6738
15,Task,2500,3,16,0,0,41,20,0.3329,0.5590
15,Task,2500,3,17,1,1,55,28,0.4300,0.6747
15,Task,2500,3,18,0,0,71,35,0.4627,0.7309
15,Task,2500,3,19,1,0,40,20,0.3397,0.5493
15,Task,2500,3,20,0,0,37,18,0.3089,0.6205
15,Task,2500,3,21,1,0,56,28,0.4204,0.7223
15,Task,2500,3,22,0,1,58,29,0.4328,0.7258
15,Task,2500,3,23,1,0,36,18,0.3013,0.5271
15,Task,2500,3,24,0,0,39,19,0.3111,0.5520
15,Task,2500,3,25,1,0,54,27,0.4097,0.6626
15,Task,2500,3,26,0,0,45,22,0.3477,0.6579
15,Task,2500,3,27,1,1,47,24,0.3835,0.5732
15,Task,2500,3,28,0,0,49,24,0.3848,0.6607
15,Task,2500,3,29,1,0,48,24,0.3910,0.6198
15,Task,2500,3,30,0,0,45,22,0.3466,0.6141
15,Task,2500,3,31,1,0,48,24,0.3981,0.6445
15,Task,2500,3,32,0,0,55,27,0.3840,0.6935
15,Task,2500,3,33,1,0,42,21,0.3469,0.5936
15,Task,2500,3,34,0,0,55,27,0.3921,0.6751
15,Task,2500,3,35,1,0,48,24,0.3832,0.6726
15,Task,2500,3,36,0,0,41,20,0.3371,0.6228
15,Task,2500,3,37,1,0,34,17,0.2969,0.5327
15,Task,2500,3,38,0,0,43,21,0.3557,0.5455
15,Task,2500,3,39,1,0,44,22,0.3566,0.5946
15,Task,2500,3,40,0,0,37,18,0.3134,0.5312
15,Task,2500,3,41,1,0,54,27,0.4184,0.7163
15,Task,2500,3,42,0,0,43,21,0.3336,0.6564
15,Task,2500,3,43,1,0,46,23,0.3901,0.6307
15,Task,2500,3,44,0,1,54,27,0.4101,0.7164
15,Task,2500,3,45,1,0,44,22,0.3640,0.6075
15,Task,2500,3,46,0,0,45,22,0.3597,0.6141
15,Task,2500,3,47,1,0,46,23,0.3853,0.5701
15,Task,2500,3,48,0,0,69,34,0.4705,0.8023
15,Task,2500,3,49,1,0,44,22,0.3413,0.5487
15,Task,2500,3,50,0,0,37,18,0.3097,0.5111
15,Task,2500,3,51,1,0,44,22,0.3554,0.5267
15,Task,2500,3,52,0,0,45,22,0.3574,0.6234
15,Task,2500,3,53,1,0,26,13,0.2351,0.3933
15,Task,2500,3,54,0,0,71,35,0.4233,0.7344
15,Task,2500,3,55,1,0,50,25,0.3961,0.6548
15,Task,2500,3,56,0,0,41,20,0.3369,0.5314
15,Task,2500,3,57,1,1,49,25,0.4127,0.5947
15,Task,2500,3,58,0,0,37,18,0.3053,0.4914
15,Task,2500,3,59,1,0,36,18,0.3083,0.4950
15,Task,2500,3,60,0,1,44,22,0.3688,0.5868
15,Task,2500,3,61,1,0,50,25,0.3650,0.5930
15,Task,2500,3,62,0,0,41,20,0.3350,0.5355
15,Task,2500,3,63,1,0,66,33,0.4609,0.6974
15,Task,2500,3,64,0,0,41,20,0.3376,0.5704
15,Task,2500,3,65,1,0,52,26,0.4035,0.6177
15,Task,2500,3,66,0,1,54,27,0.4118,0.6249
15,Task,2500,3,67,1,0,40,20,0.3367,0.5317
15,Task,2500,3,68,0,0,51,25,0.3977,0.6619
15,Task,2500,3,69,1,0,46,23,0.3634,0.5780
15,Task,2500,3,70,0,0,47,23,0.3687,0.6846
15,Task,2500,3,71,1,0,34,17,0.2903,0.4674
15,Task,2500,3,72,0,0,53,26,0.3983,0.7079
15,Task,2500,3,73,1,0,38,19,0.3265,0.4987
15,Task,2500,3,74,0,0,49,24,0.3963,0.6306
15,Task,2500,3,75,1,1,59,30,0.4547,0.7491
15,Task,2500,3,76,0,0,49,24,0.3912,0.6405
15,Task,2500,3,77,1,1,75,38,0.5075,0.7425
15,Task,2500,3,78,0,0,51,25,0.4011,0.6858
15,Task,2500,3,79,1,0,46,23,0.3634,0.5966
15,Task,2500,3,80,0,0,35,17,0.2794,0.4767
15,Task,2500,3,81,1,0,46,23,0.3671,0.6409
15,Task,2500,3,82,0,0,57,28,0.4141,0.7167
15,Task,2500,3,83,1,0,28,14,0.2446,0.4006
15,Task,2500,3,84,0,0,45,22,0.3539,0.6326
15,Task,2500,3,85,1,1,59,30,0.4506,0.6938
15,Task,2500,3,86,0,1,58,29,0.4261,0.7353
15,Task,2500,3,87,1,1,69,35,0.4684,0.7331
15,Task,2500,3,88,0,0,43,21,0.3478,0.5933
15,Task,2500,3,89,1,0,44,22,0.3602,0.5320
15,Task,2500,3,90,0,0,43,21,0.3424,0.5765
15,Task,2500,3,91,1,1,49,25,0.3849,0.6203
15,Task,2500,3,92,0,0,41,20,0.3369,0.5599
15,Task,2500,3,93,1,0,32,16,0.2853,0.4793
15,Task,2500,3,94,0,1,38,19,0.3205,0.5121
15,Task,2500,3,95,1,0,36,18,0.3081,0.4760
15,Task,2500,3,96,0,0,53,26,0.4094,0.6984
15,Task,2500,3,97,1,0,48,24,0.3565,0.5436
15,Task,2500,3,98,0,0,57,28,0.4212,0.7004
15,Task,2500,3,99,1,0,36,18,0.3062,0.5180
15,Task,2500,3,100,0,0,45,22,0.3418,0.6138
16,Task,2500,4,1,1,0,48,24,0.2976,0.5703
16,Task,2500,4,2,0,0,47,23,0.2902,0.5908
16,Task,2500,4,3,1,0,38,19,0.2452,0.4750
16,Task,2500,4,4,0,0,37,18,0.2380,0.4881
16,Task,2500,4,5,1,0,56,28,0.3461,0.6640
16,Task,2500,4,6,0,0,59,29,0.3419,0.6842
16,Task,2500,4,7,1,0,40,20,0.2612,0.5008
16,Task,2500,4,8,0,0,43,21,0.2701,0.5498
16,Task,2500,4,9,1,0,42,21,0.2703,0.5230
16,Task,2500,4,10,0,0,33,16,0.2132,0.4383
16,Task,2500,4,11,1,0,54,27,0.3249,0.6252
16,Task,2500,4,12,0,0,43,21,0.2759,0.5631
16,Task,2500,4,13,1,0,46,23,0.2781,0.5356
16,Task,2500,4,14,0,0,47,23,0.2847,0.5763
16,Task,2500,4,15,1,1,55,28,0.3253,0.6090
16,Task,2500,4,16,0,0,29,14,0.1900,0.3965
16,Task,2500,4,17,1,0,48,24,0.3075,0.5980
16,Task,2500,4,18,0,0,39,19,0.2500,0.5184
16,Task,2500,4,19,1,0,50,25,0.3168,0.6071
16,Task,2500,4,20,0,0,47,23,0.2827,0.5731
16,Task,2500,4,21,1,0,44,22,0.2799,0.5409
16,Task,2500,4,22,0,0,39,19,0.2422,0.4946
16,Task,2500,4,23,1,0,50,25,0.3181,0.6088
16,Task,2500,4,24,0,0,55,27,0.3157,0.6350
16,Task,2500,4,25,1,0,46,23,0.2918,0.5604
16,Task,2500,4,26,0,0,45,22,0.2769,0.5626
16,Task,2500,4,27,1,0,38,19,0.2441,0.4674
16,Task,2500,4,28,0,0,55,27,0.2981,0.6018
16,Task,2500,4,29,1,0,36,18,0.2438,0.4690
16,Task,2500,4,30,0,0,51,25,0.3152,0.6365
16,Task,2500,4,31,1,0,34,17,0.2316,0.4434
16,Task,2500,4,32,0,0,53,26,0.2888,0.5820
16,Task,2500,4,33,1,0,30,15,0.2053,0.3965
16,Task,2500,4,34,0,0,55,27,0.3062,0.6174
16,Task,2500,4,35,1,0,48,24,0.3033,0.5855
16,Task,2500,4,36,0,0,53,26,0.3147,0.6375
16,Task,2500,4,37,1,0,58,29,0.3507,0.6745
16,Task,2500,4,38,0,0,47,23,0.2989,0.5991
16,Task,2500,4,39,1,0,52,26,0.3218,0.6207
16,Task,2500,4,40,0,0,41,20,0.2398,0.4904
16,Task,2500,4,41,1,0,70,35,0.3263,0.6159
16,Task,2500,4,42,0,0,35,17,0.2331,0.4762
16,Task,2500,4,43,1,0,44,22,0.2825,0.5412
16,Task,2500,4,44,0,0,27,13,0.1814,0.3800
16,Task,2500,4,45,1,0,50,25,0.2965,0.5653
16,Task,2500,4,46,0,0,35,17,0.2375,0.4849
16,Task,2500,4,47,1,0,36,18,0.2462,0.4776
16,Task,2500,4,48,0,0,43,21,0.2622,0.5379
16,Task,2500,4,49,1,0,44,22,0.2842,0.5423
16,Task,2500,4,50,0,0,63,31,0.3305,0.6673
16,Task,2500,4,51,1,0,34,17,0.2253,0.4332
16,Task,2500,4,52,0,0,57,28,0.3124,0.6245
16,Task,2500,4,53,1,0,42,21,0.2699,0.5222
16,Task,2500,4,54,0,0,25,12,0.1664,0.3505
16,Task,2500,4,55,1,0,40,20,0.2659,0.5184
16,Task,2500,4,56,0,0,53,26,0.3096,0.6227
16,Task,2500,4,57,1,0,38,19,0.2560,0.4910
16,Task,2500,4,58,0,0,53,26,0.3171,0.6410
16,Task,2500,4,59,1,0,46,23,0.2949,0.5668
16,Task,2500,4,60,0,0,55,27,0.3162,0.6392
16,Task,2500,4,61,1,0,52,26,0.3168,0.6114
16,Task,2500,4,62,0,0,45,22,0.2795,0.5686
16,Task,2500,4,63,1,0,32,16,0.2181,0.4195
16,Task,2500,4,64,0,0,43,21,0.2594,0.5310
16,Task,2500,4,65,1,0,42,21,0.2483,0.4826
16,Task,2500,4,66,0,0,45,22,0.2675,0.5463
16,Task,2500,4,67,1,0,50,25,0.3100,0.6026
16,Task,2500,4,68,0,0,47,23,0.2899,0.5871
16,Task,2500,4,69,1,0,38,19,0.2591,0.4965
16,Task,2500,4,70,0,0,45,22,0.2814,0.5710
16,Task,2500,4,71,1,0,46,23,0.2932,0.5615
16,Task,2500,4,72,0,0,43,21,0.2583,0.5285
16,Task,2500,4,73,1,0,42,21,0.2779,0.5381
16,Task,2500,4,74,0,0,47,23,0.2987,0.6039
16,Task,2500,4,75,1,0,42,21,0.2757,0.5288
16,Task,2500,4,76,0,0,71,35,0.3218,0.6446
16,Task,2500,4,77,1,0,42,21,0.2791,0.5362
16,Task,2500,4,78,0,0,45,22,0.2830,0.5782
16,Task,2500,4,79,1,0,56,28,0.3297,0.6350
16,Task,2500,4,80,0,0,43,21,0.2686,0.5471
16,Task,2500,4,81,1,0,50,25,0.3114,0.5974
16,Task,2500,4,82,0,0,37,18,0.2401,0.4914
16,Task,2500,4,83,1,0,50,25,0.2776,0.5368
16,Task,2500,4,84,0,0,53,26,0.3045,0.6155
16,Task,2500,4,85,1,0,50,25,0.3137,0.6049
16,Task,2500,4,86,0,0,47,23,0.2822,0.5773
16,Task,2500,4,87,1,0,34,17,0.2290,0.4435
16,Task,2500,4,88,0,0,31,15,0.1986,0.4151
16,Task,2500,4,89,1,0,46,23,0.2811,0.5436
16,Task,2500,4,90,0,0,69,34,0.3514,0.7007
16,Task,2500,4,91,1,0,54,27,0.3248,0.6249
16,Task,2500,4,92,0,0,43,21,0.2726,0.5557
16,Task,2500,4,93,1,0,68,34,0.3583,0.6922
16,Task,2500,4,94,0,0,53,26,0.3156,0.6346
16,Task,2500,4,95,1,0,38,19,0.2490,0.4841
16,Task,2500,4,96,0,0,51,25,0.3079,0.6213
16,Task,2500,4,97,1,0,34,17,0.2325,0.4472
16,Task,2500,4,98,0,0,57,28,0.3303,0.6680
16,Task,2500,4,99,1,0,40,20,0.2576,0.4911
16,Task,2500,4,100,0,0,43,21,0.2609,0.5353
17,Sequential,5000,1,1,1,1,53,27,2.0456,0.5745
17,Sequential,5000,1,2,0,1,42,21,1.7963,0.5042
17,Sequential,5000,1,3,1,1,43,22,1.9959,0.5201
17,Sequential,5000,1,4,0,0,43,21,1.7899,0.5230
17,Sequential,5000,1,5,1,1,45,23,1.9953,0.5128
17,Sequential,5000,1,6,0,0,43,21,1.8468,0.5206
17,Sequential,5000,1,7,1,0,48,24,2.0389,0.5343
17,Sequential,5000,1,8,0,0,57,28,2.2665,0.6326
17,Sequential,5000,1,9,1,1,49,25,2.1484,0.5592
17,Sequential,5000,1,10,0,1,64,32,2.5327,0.7011
17,Sequential,5000,1,11,1,0,60,30,2.4399,0.6491
17,Sequential,5000,1,12,0,0,33,16,1.4487,0.4152
17,Sequential,5000,1,13,1,1,45,23,2.0306,0.5125
17,Sequential,5000,1,14,0,1,50,25,2.1433,0.5828
17,Sequential,5000,1,15,1,0,36,18,1.6998,0.4491
17,Sequential,5000,1,16,0,1,46,23,2.0283,0.5540
17,Sequential,5000,1,17,1,0,56,28,2.3363,0.6198
17,Sequential,5000,1,18,0,0,49,24,2.0700,0.5712
17,Sequential,5000,1,19,1,0,56,28,2.3115,0.6482
17,Sequential,5000,1,20,0,0,51,25,2.1497,0.6207
17,Sequential,5000,1,21,1,0,48,24,2.1390,0.5792
17,Sequential,5000,1,22,0,0,33,16,1.4853,0.4473
17,Sequential,5000,1,23,1,0,50,25,2.0785,0.5411
17,Sequential,5000,1,24,0,0,43,21,1.8895,0.5292
17,Sequential,5000,1,25,1,1,39,20,1.7990,0.4771
17,Sequential,5000,1,26,0,1,42,21,1.8548,0.5135
17,Sequential,5000,1,27,1,1,53,27,2.1841,0.5645
17,Sequential,5000,1,28,0,1,48,24,2.1257,0.5962
17,Sequential,5000,1,29,1,1,67,34,2.6251,0.6804
17,Sequential,5000,1,30,0,0,41,20,1.7030,0.4889
17,Sequential,5000,1,31,1,1,63,32,2.5520,0.6635
17,Sequential,5000,1,32,0,1,54,27,2.2596,0.6206
17,Sequential,5000,1,33,1,0,38,19,1.6926,0.4726
17,Sequential,5000,1,34,0,0,45,22,1.9593,0.5466
17,Sequential,5000,1,35,1,0,50,25,2.0811,0.5590
17,Sequential,5000,1,36,0,0,47,23,1.9348,0.5595
17,Sequential,5000,1,37,1,0,48,24,2.1205,0.5821
17,Sequential,5000,1,38,0,0,51,25,2.1435,0.6022
17,Sequential,5000,1,39,1,0,52,26,2.2178,0.5898
17,Sequential,5000,1,40,0,1,36,18,1.6431,0.4562
17,Sequential,5000,1,41,1,1,51,26,2.1528,0.5951
17,Sequential,5000,1,42,0,0,31,15,1.3810,0.4212
17,Sequential,5000,1,43,1,1,53,27,2.3060,0.5911
17,Sequential,5000,1,44,0,0,47,23,1.9981,0.5744
17,Sequential,5000,1,45,1,0,34,17,1.5765,0.4205
17,Sequential,5000,1,46,0,0,43,21,1.8718,0.5286
17,Sequential,5000,1,47,1,1,37,19,1.6989,0.4510
17,Sequential,5000,1,48,0,0,29,14,1.2621,0.3658
17,Sequential,5000,1,49,1,1,43,22,1.9080,0.4845
17,Sequential,5000,1,50,0,1,34,17,1.6076,0.4275
17,Sequential,5000,1,51,1,0,44,22,2.0210,0.5348
17,Sequential,5000,1,52,0,0,45,22,1.9434,0.5436
17,Sequential,5000,1,53,1,0,42,21,1.8828,0.5128
17,Sequential,5000,1,54,0,1,52,26,2.1700,0.6008
17,Sequential,5000,1,55,1,1,41,21,1.7037,0.4349
17,Sequential,5000,1,56,0,0,47,23,2.0100,0.5707
17,Sequential,5000,1,57,1,1,45,23,2.0379,0.5249
17,Sequential,5000,1,58,0,0,41,20,1.8576,0.5345
17,Sequential,5000,1,59,1,1,43,22,1.9133,0.4817
17,Sequential,5000,1,60,0,1,44,22,1.9682,0.5273
17,Sequential,5000,1,61,1,1,53,27,2.2607,0.5830
17,Sequential,5000,1,62,0,0,37,18,1.6294,0.4822
17,Sequential,5000,1,63,1,1,47,24,2.0975,0.5599
17,Sequential,5000,1,64,0,0,43,21,1.7961,0.5608
17,Sequential,5000,1,65,1,1,57,29,2.4219,0.6534
17,Sequential,5000,1,66,0,1,36,18,1.6697,0.4600
17,Sequential,5000,1,67,1,0,40,20,1.7514,0.4787
17,Sequential,5000,1,68,0,0,47,23,2.0165,0.5610
17,Sequential,5000,1,69,1,1,57,29,2.3946,0.6185
17,Sequential,5000,1,70,0,0,53,26,2.0100,0.5650
17,Sequential,5000,1,71,1,1,65,33,2.5885,0.6912
17,Sequential,5000,1,72,0,0,53,26,2.2022,0.6357
17,Sequential,5000,1,73,1,0,48,24,2.0815,0.5531
17,Sequential,5000,1,74,0,0,45,22,1.9455,0.5427
17,Sequential,5000,1,75,1,0,50,25,2.1921,0.5874
17,Sequential,5000,1,76,0,0,57,28,2.3083,0.6602
17,Sequential,5000,1,77,1,1,39,20,1.8455,0.4683
17,Sequential,5000,1,78,0,1,48,24,2.0636,0.5689
17,Sequential,5000,1,79,1,1,31,16,1.5476,0.3884
17,Sequential,5000,1,80,0,0,43,21,1.8419,0.5571
17,Sequential,5000,1,81,1,0,58,29,2.3731,0.6317
17,Sequential,5000,1,82,0,0,59,29,2.3514,0.6490
17,Sequential,5000,1,83,1,1,43,22,1.9844,0.5121
17,Sequential,5000,1,84,0,1,46,23,2.0135,0.5361
17,Sequential,5000,1,85,1,0,56,28,2.2505,0.6487
17,Sequential,5000,1,86,0,0,47,23,2.0110,0.5783
17,Sequential,5000,1,87,1,0,46,23,2.0679,0.5755
17,Sequential,5000,1,88,0,0,41,20,1.7989,0.5156
17,Sequential,5000,1,89,1,1,43,22,1.8710,0.4791
17,Sequential,5000,1,90,0,1,48,24,2.0460,0.5492
17,Sequential,5000,1,91,1,0,60,30,2.3496,0.6243
17,Sequential,5000,1,92,0,0,43,21,1.8936,0.5313
17,Sequential,5000,1,93,1,1,55,28,2.2768,0.6002
17,Sequential,5000,1,94,0,1,44,22,1.9888,0.5331
17,Sequential,5000,1,95,1,0,44,22,1.9114,0.5344
17,Sequential,5000,1,96,0,1,40,20,1.8183,0.4961
17,Sequential,5000,1,97,1,0,50,25,2.1589,0.5944
17,Sequential,5000,1,98,0,0,41,20,1.8053,0.5157
17,Sequential,5000,1,99,1,1,43,22,1.9657,0.5000
17,Sequential,5000,1,100,0,1,48,24,2.0057,0.5573
18,Leaf,5000,2,1,1,0,48,24,1.2745,0.6809
18,Leaf,5000,2,2,0,0,45,22,1.0934,0.6035
18,Leaf,5000,2,3,1,0,36,18,0.9763,0.5961
18,Leaf,5000,2,4,0,1,50,25,1.2349,0.6685
18,Leaf,5000,2,5,1,1,67,34,1.5783,0.9463
18,Leaf,5000,2,6,0,1,40,20,1.0600,0.6297
18,Leaf,5000,2,7,1,1,41,21,1.1254,0.6117
18,Leaf,5000,2,8,0,1,40,20,1.0826,0.5303
18,Leaf,5000,2,9,1,0,52,26,1.2716,0.6973
18,Leaf,5000,2,10,0,0,47,23,1.1800,0.6515
18,Leaf,5000,2,11,1,1,53,27,1.3381,0.8121
18,Leaf,5000,2,12,0,1,44,22,1.1730,0.6939
18,Leaf,5000,2,13,1,0,38,19,1.0249,0.5631
18,Leaf,5000,2,14,0,0,35,17,0.9360,0.5169
18,Leaf,5000,2,15,1,1,57,29,1.4296,0.6729
18,Leaf,5000,2,16,0,1,42,21,1.1337,0.6697
18,Leaf,5000,2,17,1,0,56,28,1.3870,0.7324
18,Leaf,5000,2,18,0,0,35,17,0.9585,0.5735
18,Leaf,5000,2,19,1,0,30,15,0.8351,0.4467
18,Leaf,5000,2,20,0,1,44,22,1.1690,0.6746
18,Leaf,5000,2,21,1,0,34,17,0.9469,0.4821
18,Leaf,5000,2,22,0,1,42,21,1.1252,0.6692
18,Leaf,5000,2,23,1,1,49,25,1.2640,0.6527
18,Leaf,5000,2,24,0,0,55,27,1.3182,0.7877
18,Leaf,5000,2,25,1,1,49,25,1.2326,0.6997
18,Leaf,5000,2,26,0,0,65,32,1.5066,0.8849
18,Leaf,5000,2,27,1,1,55,28,1.3925,0.8201
18,Leaf,5000,2,28,0,0,39,19,1.0366,0.6461
18,Leaf,5000,2,29,1,1,49,25,1.2723,0.6063
18,Leaf,5000,2,30,0,1,32,16,0.8955,0.5036
18,Leaf,5000,2,31,1,0,50,25,1.2480,0.7812
18,Leaf,5000,2,32,0,1,54,27,1.3676,0.8578
18,Leaf,5000,2,33,1,0,58,29,1.4055,0.8943
18,Leaf,5000,2,34,0,0,43,21,1.0458,0.5600
18,Leaf,5000,2,35,1,1,47,24,1.2536,0.6579
18,Leaf,5000,2,36,0,1,50,25,1.2577,0.7127
18,Leaf,5000,2,37,1,0,50,25,1.2909,0.6832
18,Leaf,5000,2,38,0,1,44,22,1.1466,0.6644
18,Leaf,5000,2,39,1,0,58,29,1.3854,0.7900
18,Leaf,5000,2,40,0,1,48,24,1.2370,0.7061
18,Leaf,5000,2,41,1,1,65,33,1.5008,0.8171
18,Leaf,5000,2,42,0,0,31,15,0.8516,0.5099
18,Leaf,5000,2,43,1,0,52,26,1.3246,0.7219
18,Leaf,5000,2,44,0,1,44,22,1.1259,0.6482
18,Leaf,5000,2,45,1,1,39,20,1.0217,0.5192
18,Leaf,5000,2,46,0,0,57,28,1.3314,0.8045
18,Leaf,5000,2,47,1,0,50,25,1.3006,0.7887
18,Leaf,5000,2,48,0,1,40,20,1.0688,0.6318
18,Leaf,5000,2,49,1,0,60,30,1.4259,0.8143
18,Leaf,5000,2,50,0,1,42,21,1.0661,0.5881
18,Leaf,5000,2,51,1,1,45,23,1.2078,0.6425
18,Leaf,5000,2,52,0,1,34,17,0.9375,0.5075
18,Leaf,5000,2,53,1,0,40,20,1.0632,0.5893
18,Leaf,5000,2,54,0,1,42,21,1.1326,0.6150
18,Leaf,5000,2,55,1,1,45,23,1.2113,0.6403
18,Leaf,5000,2,56,0,0,37,18,0.9917,0.5795
18,Leaf,5000,2,57,1,0,64,32,1.4448,0.9174
18,Leaf,5000,2,58,0,1,28,14,0.7938,0.3975
18,Leaf,5000,2,59,1,0,40,20,1.0860,0.5628
18,Leaf,5000,2,60,0,1,46,23,1.1978,0.7186
18,Leaf,5000,2,61,1,1,61,31,1.4803,0.8163
18,Leaf,5000,2,62,0,1,42,21,1.1101,0.6753
18,Leaf,5000,2,63,1,0,46,23,1.1810,0.7242
18,Leaf,5000,2,64,0,0,49,24,1.2643,0.7898
18,Leaf,5000,2,65,1,1,29,15,0.8345,0.4425
18,Leaf,5000,2,66,0,1,42,21,1.1102,0.7001
18,Leaf,5000,2,67,1,0,46,23,1.1977,0.6352
18,Leaf,5000,2,68,0,0,53,26,1.3339,0.8409
18,Leaf,5000,2,69,1,1,55,28,1.3810,0.8179
18,Leaf,5000,2,70,0,0,51,25,1.2365,0.7125
18,Leaf,5000,2,71,1,0,48,24,1.2595,0.6925
18,Leaf,5000,2,72,0,0,37,18,0.9906,0.5812
18,Leaf,5000,2,73,1,0,42,21,1.1070,0.7016
18,Leaf,5000,2,74,0,0,57,28,1.3890,0.7938
18,Leaf,5000,2,75,1,0,40,20,1.0423,0.5199
18,Leaf,5000,2,76,0,1,64,32,1.4117,0.8219
18,Leaf,5000,2,77,1,0,50,25,1.2936,0.6860
18,Leaf,5000,2,78,0,0,57,28,1.3706,0.8363
18,Leaf,5000,2,79,1,0,46,23,1.1994,0.6996
18,Leaf,5000,2,80,0,0,43,21,1.0975,0.6293
18,Leaf,5000,2,81,1,0,48,24,1.2580,0.7233
18,Leaf,5000,2,82,0,0,59,29,1.4156,0.8135
18,Leaf,5000,2,83,1,1,51,26,1.2397,0.7229
18,Leaf,5000,2,84,0,1,28,14,0.7923,0.4760
18,Leaf,5000,2,85,1,1,41,21,1.1375,0.6186
18,Leaf,5000,2,86,0,1,58,29,1.2996,0.7161
18,Leaf,5000,2,87,1,1,39,20,1.0933,0.5046
18,Leaf,5000,2,88,0,1,42,21,1.1058,0.6724
18,Leaf,5000,2,89,1,1,37,19,1.0151,0.5460
18,Leaf,5000,2,90,0,0,41,20,1.0819,0.6492
18,Leaf,5000,2,91,1,1,59,30,1.3997,0.6909
18,Leaf,5000,2,92,0,0,41,20,1.0674,0.6065
18,Leaf,5000,2,93,1,0,32,16,0.8869,0.4704
18,Leaf,5000,2,94,0,1,50,25,1.3100,0.7437
18,Leaf,5000,2,95,1,0,42,21,1.1410,0.6823
18,Leaf,5000,2,96,0,1,66,33,1.5150,0.8776
18,Leaf,5000,2,97,1,0,42,21,1.1248,0.6445
18,Leaf,5000,2,98,0,1,50,25,1.2417,0.7251
18,Leaf,5000,2,99,1,0,54,27,1.3217,0.7363
18,Leaf,5000,2,100,0,0,37,18,0.9917,0.5647
19,Leaf,5000,3,1,1,0,38,19,0.7368,0.5434
19,Leaf,5000,3,2,0,0,55,27,0.9328,0.7206
19,Leaf,5000,3,3,1,0,40,20,0.7734,0.5758
19,Leaf,5000,3,4,0,1,42,21,0.7684,0.5895
19,Leaf,5000,3,5,1,0,50,25,0.9059,0.6264
19,Leaf,5000,3,6,0,0,73,36,1.0764,0.8323
19,Leaf,5000,3,7,1,0,44,22,0.8392,0.6075
19,Leaf,5000,3,8,0,0,51,25,0.9034,0.6816
19,Leaf,5000,3,9,1,0,48,24,0.8914,0.7060
19,Leaf,5000,3,10,0,0,49,24,0.8704,0.6662
19,Leaf,5000,3,11,1,0,30,15,0.5734,0.4537
19,Leaf,5000,3,12,0,1,30,15,0.5954,0.5081
19,Leaf,5000,3,13,1,0,60,30,0.9666,0.7278
19,Leaf,5000,3,14,0,0,59,29,0.9651,0.8049
19,Leaf,5000,3,15,1,0,50,25,0.8951,0.6363
19,Leaf,5000,3,16,0,0,37,18,0.7067,0.5133
19,Leaf,5000,3,17,1,1,57,29,0.9600,0.7430
19,Leaf,5000,3,18,0,0,57,28,0.9499,0.7672
19,Leaf,5000,3,19,1,1,37,19,0.7319,0.5512
19,Leaf,5000,3,20,0,0,35,17,0.6638,0.4963
19,Leaf,5000,3,21,1,1,51,26,0.9462,0.6257
19,Leaf,5000,3,22,0,1,50,25,0.9006,0.7032
19,Leaf,5000,3,23,1,0,66,33,1.0714,0.8149
19,Leaf,5000,3,24,0,0,51,25,0.8547,0.6691
19,Leaf,5000,3,25,1,0,52,26,0.9435,0.6595
19,Leaf,5000,3,26,0,0,45,22,0.7952,0.6315
19,Leaf,5000,3,27,1,0,42,21,0.7871,0.5643
19,Leaf,5000,3,28,0,1,32,16,0.6261,0.5457
19,Leaf,5000,3,29,1,1,45,23,0.8650,0.6306
19,Leaf,5000,3,30,0,1,54,27,0.9281,0.6909
19,Leaf,5000,3,31,1,0,42,21,0.7974,0.6740
19,Leaf,5000,3,32,0,1,40,20,0.7672,0.5628
19,Leaf,5000,3,33,1,0,50,25,0.9064,0.7198
19,Leaf,5000,3,34,0,0,43,21,0.7857,0.6265
19,Leaf,5000,3,35,1,0,50,25,0.8885,0.7119
19,Leaf,5000,3,36,0,0,45,22,0.8454,0.6420
19,Leaf,5000,3,37,1,1,45,23,0.8665,0.6929
19,Leaf,5000,3,38,0,0,59,29,0.9726,0.7621
19,Leaf,5000,3,39,1,1,47,24,0.8737,0.7043
19,Leaf,5000,3,40,0,0,47,23,0.8462,0.6228
19,Leaf,5000,3,41,1,0,42,21,0.8093,0.6292
19,Leaf,5000,3,42,0,0,41,20,0.7624,0.6101
19,Leaf,5000,3,43,1,0,38,19,0.7384,0.5902
19,Leaf,5000,3,44,0,0,67,33,1.0858,0.7853
19,Leaf,5000,3,45,1,1,41,21,0.7929,0.6214
19,Leaf,5000,3,46,0,1,32,16,0.6450,0.4296
19,Leaf,5000,3,47,1,0,36,18,0.7007,0.5530
19,Leaf,5000,3,48,0,1,44,22,0.8187,0.6324
19,Leaf,5000,3,49,1,1,51,26,0.9162,0.6697
19,Leaf,5000,3,50,0,0,37,18,0.6855,0.5372
19,Leaf,5000,3,51,1,0,50,25,0.8869,0.6549
19,Leaf,5000,3,52,0,0,49,24,0.8713,0.6533
19,Leaf,5000,3,53,1,0,54,27,0.9638,0.6798
19,Leaf,5000,3,54,0,0,71,35,1.1236,0.9338
19,Leaf,5000,3,55,1,0,44,22,0.8272,0.6886
19,Leaf,5000,3,56,0,0,43,21,0.7902,0.6874
19,Leaf,5000,3,57,1,1,53,27,0.9601,0.7608
19,Leaf,5000,3,58,0,1,46,23,0.8436,0.6581
19,Leaf,5000,3,59,1,0,48,24,0.8678,0.6613
19,Leaf,5000,3,60,0,1,50,25,0.9011,0.7005
19,Leaf,5000,3,61,1,1,43,22,0.8363,0.5611
19,Leaf,5000,3,62,0,1,46,23,0.8611,0.6914
19,Leaf,5000,3,63,1,1,45,23,0.8683,0.6231
19,Leaf,5000,3,64,0,1,36,18,0.7106,0.5426
19,Leaf,5000,3,65,1,1,35,18,0.7195,0.4988
19,Leaf,5000,3,66,0,0,63,31,1.0246,0.8661
19,Leaf,5000,3,67,1,1,41,21,0.8139,0.5322
19,Leaf,5000,3,68,0,0,41,20,0.7686,0.6431
19,Leaf,5000,3,69,1,0,50,25,0.9129,0.7008
19,Leaf,5000,3,70,0,1,50,25,0.9138,0.7834
19,Leaf,5000,3,71,1,1,43,22,0.8073,0.5510
19,Leaf,5000,3,72,0,0,35,17,0.6510,0.5486
19,Leaf,5000,3,73,1,1,45,23,0.8520,0.6198
19,Leaf,5000,3,74,0,0,33,16,0.6374,0.5234
19,Leaf,5000,3,75,1,0,48,24,0.8759,0.6631
19,Leaf,5000,3,76,0,1,38,19,0.7295,0.5437
19,Leaf,5000,3,77,1,0,62,31,1.0132,0.7560
19,Leaf,5000,3,78,0,1,34,17,0.6714,0.5468
19,Leaf,5000,3,79,1,0,58,29,0.9797,0.6900
19,Leaf,5000,3,80,0,0,43,21,0.7992,0.6260
19,Leaf,5000,3,81,1,0,40,20,0.7675,0.5582
19,Leaf,5000,3,82,0,0,29,14,0.5193,0.4294
19,Leaf,5000,3,83,1,1,43,22,0.8427,0.5907
19,Leaf,5000,3,84,0,0,45,22,0.8308,0.6561
19,Leaf,5000,3,85,1,0,28,14,0.5690,0.4223
19,Leaf,5000,3,86,0,1,50,25,0.8993,0.7048
19,Leaf,5000,3,87,1,1,65,33,1.0758,0.7948
19,Leaf,5000,3,88,0,1,48,24,0.8725,0.7018
19,Leaf,5000,3,89,1,1,45,23,0.8520,0.6370
19,Leaf,5000,3,90,0,0,53,26,0.9291,0.6928
19,Leaf,5000,3,91,1,0,48,24,0.8772,0.6904
19,Leaf,5000,3,92,0,1,40,20,0.7573,0.5431
19,Leaf,5000,3,93,1,0,68,34,1.0950,0.8252
19,Leaf,5000,3,94,0,0,43,21,0.7387,0.6223
19,Leaf,5000,3,95,1,0,38,19,0.7352,0.5877
19,Leaf,5000,3,96,0,1,48,24,0.8717,0.6989
19,Leaf,5000,3,97,1,0,42,21,0.8022,0.5875
19,Leaf,5000,3,98,0,0,45,22,0.7918,0.5899
19,Leaf,5000,3,99,1,0,34,17,0.6799,0.5588
19,Leaf,5000,3,100,0,1,44,22,0.8297,0.6450
20,Leaf,5000,4,1,1,0,46,23,0.6811,0.5505
20,Leaf,5000,4,2,0,1,56,28,0.7781,0.6518
20,Leaf,5000,4,3,1,1,53,27,0.7601,0.5953
20,Leaf,5000,4,4,0,1,42,21,0.6239,0.5126
20,Leaf,5000,4,5,1,0,40,20,0.5990,0.4749
20,Leaf,5000,4,6,0,1,40,20,0.6153,0.5053
20,Leaf,5000,4,7,1,1,49,25,0.7152,0.5648
20,Leaf,5000,4,8,0,1,62,31,0.8121,0.6718
20,Leaf,5000,4,9,1,1,37,19,0.5923,0.4539
20,Leaf,5000,4,10,0,1,46,23,0.6709,0.5567
20,Leaf,5000,4,11,1,1,49,25,0.7134,0.5611
20,Leaf,5000,4,12,0,0,41,20,0.6122,0.5275
20,Leaf,5000,4,13,1,0,56,28,0.7606,0.6218
20,Leaf,5000,4,14,0,0,39,19,0.5603,0.4879
20,Leaf,5000,4,15,1,0,36,18,0.5528,0.4442
20,Leaf,5000,4,16,0,0,51,25,0.7068,0.6014
20,Leaf,5000,4,17,1,0,44,22,0.6593,0.5431
20,Leaf,5000,4,18,0,0,69,34,0.8377,0.7007
20,Leaf,5000,4,19,1,0,50,25,0.7061,0.5726
20,Leaf,5000,4,20,0,1,52,26,0.7062,0.5769
20,Leaf,5000,4,21,1,0,36,18,0.5675,0.4617
20,Leaf,5000,4,22,0,0,43,21,0.6239,0.5327
20,Leaf,5000,4,23,1,0,42,21,0.6367,0.5198
20,Leaf,5000,4,24,0,1,40,20,0.6200,0.5061
20,Leaf,5000,4,25,1,0,66,33,0.8705,0.7212
20,Leaf,5000,4,26,0,0,29,14,0.4539,0.3988
20,Leaf,5000,4,27,1,1,55,28,0.7682,0.5984
20,Leaf,5000,4,28,0,0,43,21,0.6197,0.5201
20,Leaf,5000,4,29,1,1,41,21,0.6315,0.4902
20,Leaf,5000,4,30,0,1,72,36,0.8717,0.7150
20,Leaf,5000,4,31,1,1,41,21,0.6391,0.4961
20,Leaf,5000,4,32,0,1,40,20,0.5827,0.4825
20,Leaf,5000,4,33,1,0,30,15,0.4746,0.3808
20,Leaf,5000,4,34,0,1,48,24,0.6911,0.5597
20,Leaf,5000,4,35,1,1,61,31,0.8113,0.6380
20,Leaf,5000,4,36,0,1,36,18,0.5515,0.4459
20,Leaf,5000,4,37,1,1,39,20,0.5977,0.4605
20,Leaf,5000,4,38,0,0,47,23,0.6757,0.5746
20,Leaf,5000,4,39,1,1,45,23,0.6848,0.5348
20,Leaf,5000,4,40,0,0,53,26,0.7227,0.6144
20,Leaf,5000,4,41,1,1,41,21,0.6401,0.5001
20,Leaf,5000,4,42,0,1,50,25,0.7276,0.6074
20,Leaf,5000,4,43,1,0,44,22,0.6632,0.5378
20,Leaf,5000,4,44,0,0,37,18,0.5598,0.4809
20,Leaf,5000,4,45,1,0,34,17,0.5419,0.4395
20,Leaf,5000,4,46,0,0,51,25,0.6772,0.5675
20,Leaf,5000,4,47,1,1,49,25,0.7245,0.5660
20,Leaf,5000,4,48,0,0,27,13,0.4195,0.3722
20,Leaf,5000,4,49,1,0,50,25,0.7208,0.5817
20,Leaf,5000,4,50,0,0,53,26,0.7050,0.5983
20,Leaf,5000,4,51,1,0,42,21,0.6345,0.5116
20,Leaf,5000,4,52,0,1,42,21,0.6280,0.5141
20,Leaf,5000,4,53,1,1,35,18,0.5704,0.4397
20,Leaf,5000,4,54,0,1,44,22,0.6516,0.5310
20,Leaf,5000,4,55,1,0,58,29,0.7893,0.6410
20,Leaf,5000,4,56,0,0,75,37,0.8587,0.7055
20,Leaf,5000,4,57,1,1,57,29,0.8014,0.6356
20,Leaf,5000,4,58,0,1,52,26,0.7476,0.6218
20,Leaf,5000,4,59,1,0,34,17,0.5444,0.4348
20,Leaf,5000,4,60,0,1,50,25,0.7183,0.5907
20,Leaf,5000,4,61,1,1,47,24,0.7045,0.5371
20,Leaf,5000,4,62,0,0,53,26,0.7146,0.6037
20,Leaf,5000,4,63,1,1,41,21,0.6496,0.5041
20,Leaf,5000,4,64,0,1,50,25,0.7142,0.5971
20,Leaf,5000,4,65,1,0,54,27,0.7626,0.6083
20,Leaf,5000,4,66,0,0,51,25,0.6969,0.5865
20,Leaf,5000,4,67,1,1,53,27,0.7597,0.5949
20,Leaf,5000,4,68,0,1,60,30,0.7897,0.6559
20,Leaf,5000,4,69,1,0,46,23,0.6843,0.5572
20,Leaf,5000,4,70,0,1,52,26,0.7359,0.6074
20,Leaf,5000,4,71,1,0,44,22,0.6416,0.5138
20,Leaf,5000,4,72,0,0,61,30,0.8138,0.6841
20,Leaf,5000,4,73,1,0,44,22,0.6585,0.5342
20,Leaf,5000,4,74,0,0,53,26,0.7353,0.6273
20,Leaf,5000,4,75,1,0,30,15,0.4897,0.3922
20,Leaf,5000,4,76,0,1,52,26,0.7492,0.6137
20,Leaf,5000,4,77,1,1,43,22,0.6476,0.5050
20,Leaf,5000,4,78,0,1,48,24,0.6500,0.5061
20,Leaf,5000,4,79,1,0,48,24,0.6862,0.5518
20,Leaf,5000,4,80,0,1,52,26,0.7341,0.6077
20,Leaf,5000,4,81,1,0,42,21,0.6242,0.5068
20,Leaf,5000,4,82,0,1,38,19,0.5765,0.4705
20,Leaf,5000,4,83,1,0,42,21,0.6029,0.4721
20,Leaf,5000,4,84,0,1,56,28,0.7587,0.6303
20,Leaf,5000,4,85,1,0,32,16,0.5224,0.4239
20,Leaf,5000,4,86,0,0,51,25,0.6534,0.5337
20,Leaf,5000,4,87,1,0,44,22,0.6293,0.4995
20,Leaf,5000,4,88,0,0,39,19,0.5830,0.4990
20,Leaf,5000,4,89,1,0,34,17,0.5419,0.4387
20,Leaf,5000,4,90,0,1,48,24,0.6887,0.5687
20,Leaf,5000,4,91,1,1,65,33,0.8460,0.6742
20,Leaf,5000,4,92,0,0,51,25,0.7080,0.6068
20,Leaf,5000,4,93,1,0,38,19,0.5805,0.4595
20,Leaf,5000,4,94,0,1,42,21,0.6319,0.5199
20,Leaf,5000,4,95,1,1,41,21,0.6296,0.4880
20,Leaf,5000,4,96,0,1,30,15,0.4866,0.3991
20,Leaf,5000,4,97,1,0,48,24,0.7192,0.5873
20,Leaf,5000,4,98,0,0,55,27,0.7562,0.6438
20,Leaf,5000,4,99,1,1,55,28,0.7787,0.6105
20,Leaf,5000,4,100,0,1,58,29,0.7960,0.6529
21,Root,5000,2,1,1,1,65,33,1.3209,0.7988
21,Root,5000,2,2,0,1,50,25,1.1136,0.6684
21,Root,5000,2,3,1,1,43,22,1.0178,0.6015
21,Root,5000,2,4,0,0,41,20,0.9194,0.6549
21,Root,5000,2,5,1,1,43,22,1.0216,0.6418
21,Root,5000,2,6,0,0,41,20,0.9199,0.6529
21,Root,5000,2,7,1,1,43,22,1.0303,0.6233
21,Root,5000,2,8,0,1,42,21,0.9765,0.5847
21,Root,5000,2,9,1,1,49,25,1.1232,0.6389
21,Root,5000,2,10,0,0,47,23,1.0552,0.5725
21,Root,5000,2,11,1,1,57,29,1.2218,0.8218
21,Root,5000,2,12,0,0,55,27,1.1638,0.7935
21,Root,5000,2,13,1,0,56,28,1.2257,0.8458
21,Root,5000,2,14,0,0,41,20,0.9596,0.6338
21,Root,5000,2,15,1,1,63,32,1.1089,0.6487
21,Root,5000,2,16,0,1,54,27,1.1060,0.6944
21,Root,5000,2,17,1,1,37,19,0.9172,0.5188
21,Root,5000,2,18,0,1,56,28,1.1811,0.8222
21,Root,5000,2,19,1,1,43,22,1.0201,0.5968
21,Root,5000,2,20,0,0,45,22,1.0202,0.6525
21,Root,5000,2,21,1,1,57,29,1.1796,0.7473
21,Root,5000,2,22,0,1,40,20,0.9588,0.5596
21,Root,5000,2,23,1,1,53,27,1.1833,0.7355
21,Root,5000,2,24,0,1,36,18,0.8460,0.5032
21,Root,5000,2,25,1,1,59,30,1.2855,0.7493
21,Root,5000,2,26,0,1,60,30,1.2777,0.8654
21,Root,5000,2,27,1,0,34,17,0.8288,0.4784
21,Root,5000,2,28,0,1,36,18,0.8586,0.6088
21,Root,5000,2,29,1,0,42,21,0.9649,0.6736
21,Root,5000,2,30,0,0,39,19,0.9137,0.5864
21,Root,5000,2,31,1,1,37,19,0.9296,0.5693
21,Root,5000,2,32,0,1,50,25,1.1500,0.7496
21,Root,5000,2,33,1,0,40,20,0.9671,0.7009
21,Root,5000,2,34,0,1,46,23,1.0724,0.7427
21,Root,5000,2,35,1,1,55,28,1.1992,0.7716
21,Root,5000,2,36,0,1,38,19,0.9028,0.5034
21,Root,5000,2,37,1,0,32,16,0.7758,0.5305
21,Root,5000,2,38,0,0,47,23,1.0644,0.6914
21,Root,5000,2,39,1,0,38,19,0.9119,0.5744
21,Root,5000,2,40,0,0,39,19,0.9071,0.5532
21,Root,5000,2,41,1,0,44,22,1.0383,0.7241
21,Root,5000,2,42,0,1,44,22,0.9828,0.6952
21,Root,5000,2,43,1,0,52,26,1.1433,0.6941
21,Root,5000,2,44,0,0,45,22,1.0184,0.7747
21,Root,5000,2,45,1,1,53,27,1.2134,0.7532
21,Root,5000,2,46,0,1,42,21,0.9887,0.6205
21,Root,5000,2,47,1,0,38,19,0.8491,0.5259
21,Root,5000,2,48,0,0,39,19,0.9131,0.6260
21,Root,5000,2,49,1,0,48,24,1.1094,0.7024
21,Root,5000,2,50,0,0,47,23,1.0263,0.6827
21,Root,5000,2,51,1,1,51,26,1.1085,0.6553
21,Root,5000,2,52,0,0,51,25,1.1055,0.6807
21,Root,5000,2,53,1,1,37,19,0.9133,0.5536
21,Root,5000,2,54,0,0,53,26,1.1633,0.7882
21,Root,5000,2,55,1,0,44,22,1.0251,0.6755
21,Root,5000,2,56,0,0,43,21,0.9372,0.6208
21,Root,5000,2,57,1,0,40,20,0.9428,0.6357
21,Root,5000,2,58,0,1,46,23,0.9462,0.5964
21,Root,5000,2,59,1,0,46,23,1.0709,0.7234
21,Root,5000,2,60,0,1,46,23,1.0510,0.6693
21,Root,5000,2,61,1,1,45,23,1.0770,0.6117
21,Root,5000,2,62,0,0,27,13,0.6426,0.4100
21,Root,5000,2,63,1,1,31,16,0.7937,0.4800
21,Root,5000,2,64,0,1,46,23,1.0498,0.6614
21,Root,5000,2,65,1,0,48,24,1.1084,0.7742
21,Root,5000,2,66,0,0,53,26,1.0487,0.7296
21,Root,5000,2,67,1,1,29,15,0.7377,0.3884
21,Root,5000,2,68,0,0,61,30,1.2635,0.8787
21,Root,5000,2,69,1,0,50,25,1.1069,0.7144
21,Root,5000,2,70,0,1,60,30,1.2722,0.8906
21,Root,5000,2,71,1,1,47,24,1.1092,0.7157
21,Root,5000,2,72,0,0,45,22,1.0069,0.6492
21,Root,5000,2,73,1,0,72,36,1.3582,0.8444
21,Root,5000,2,74,0,0,51,25,1.1066,0.7727
21,Root,5000,2,75,1,1,45,23,1.0505,0.6682
21,Root,5000,2,76,0,0,41,20,0.9358,0.5313
21,Root,5000,2,77,1,1,45,23,1.0694,0.6254
21,Root,5000,2,78,0,1,52,26,1.1905,0.8316
21,Root,5000,2,79,1,1,51,26,1.1586,0.7451
21,Root,5000,2,80,0,0,35,17,0.8115,0.5746
21,Root,5000,2,81,1,1,45,23,1.0153,0.6531
21,Root,5000,2,82,0,0,37,18,0.8496,0.5782
21,Root,5000,2,83,1,1,61,31,1.2520,0.7716
21,Root,5000,2,84,0,0,49,24,1.0603,0.6494
21,Root,5000,2,85,1,1,47,24,1.0611,0.7381
21,Root,5000,2,86,0,0,43,21,0.9781,0.6150
21,Root,5000,2,87,1,1,49,25,1.1120,0.6833
21,Root,5000,2,88,0,1,38,19,0.8681,0.5598
21,Root,5000,2,89,1,1,47,24,1.0785,0.6782
21,Root,5000,2,90,0,0,39,19,0.8892,0.5537
21,Root,5000,2,91,1,0,40,20,0.9389,0.4764
21,Root,5000,2,92,0,0,45,22,1.0354,0.6264
21,Root,5000,2,93,1,1,37,19,0.9186,0.6082
21,Root,5000,2,94,0,0,41,20,0.9530,0.6816
21,Root,5000,2,95,1,1,49,25,1.1195,0.7629
21,Root,5000,2,96,0,0,49,24,1.0762,0.6242
21,Root,5000,2,97,1,0,28,14,0.6982,0.4696
21,Root,5000,2,98,0,1,50,25,1.1044,0.7762
21,Root,5000,2,99,1,1,37,19,0.8810,0.5057
21,Root,5000,2,100,0,1,40,20,0.9449,0.6681
22,Root,5000,3,1,1,0,38,19,0.6155,0.5063
22,Root,5000,3,2,0,0,43,21,0.6751,0.6364
22,Root,5000,3,3,1,0,48,24,0.7161,0.6787
22,Root,5000,3,4,0,0,37,18,0.5902,0.5206
22,Root,5000,3,5,1,0,48,24,0.7473,0.6307
22,Root,5000,3,6,0,1,64,32,0.8592,0.7453
22,Root,5000,3,7,1,1,61,31,0.8404,0.7023
22,Root,5000,3,8,0,1,32,16,0.5363,0.4559
22,Root,5000,3,9,1,0,42,21,0.6809,0.6639
22,Root,5000,3,10,0,1,54,27,0.7790,0.7463
22,Root,5000,3,11,1,1,47,24,0.7254,0.6125
22,Root,5000,3,12,0,0,47,23,0.7093,0.6852
22,Root,5000,3,13,1,0,60,30,0.8416,0.7479
22,Root,5000,3,14,0,0,45,22,0.6808,0.6278
22,Root,5000,3,15,1,1,55,28,0.7533,0.6731
22,Root,5000,3,16,0,0,39,19,0.6016,0.5926
22,Root,5000,3,17,1,0,42,21,0.6613,0.6453
22,Root,5000,3,18,0,0,33,16,0.5242,0.5618
22,Root,5000,3,19,1,0,38,19,0.6046,0.5506
22,Root,5000,3,20,0,0,47,23,0.7039,0.6954
22,Root,5000,3,21,1,1,43,22,0.6769,0.5519
22,Root,5000,3,22,0,1,58,29,0.8061,0.6685
22,Root,5000,3,23,1,1,41,21,0.6657,0.5280
22,Root,5000,3,24,0,0,51,25,0.7261,0.7136
22,Root,5000,3,25,1,0,56,28,0.7992,0.6451
22,Root,5000,3,26,0,0,47,23,0.6812,0.7180
22,Root,5000,3,27,1,0,54,27,0.8176,0.7828
22,Root,5000,3,28,0,0,47,23,0.7128,0.7599
22,Root,5000,3,29,1,0,44,22,0.6801,0.6643
22,Root,5000,3,30,0,0,49,24,0.7118,0.7405
22,Root,5000,3,31,1,1,59,30,0.8599,0.7620
22,Root,5000,3,32,0,0,43,21,0.5960,0.5953
22,Root,5000,3,33,1,0,38,19,0.6268,0.6073
22,Root,5000,3,34,0,0,39,19,0.5709,0.5251
22,Root,5000,3,35,1,1,61,31,0.8140,0.7049
22,Root,5000,3,36,0,0,43,21,0.6617,0.5962
22,Root,5000,3,37,1,0,40,20,0.6530,0.6246
22,Root,5000,3,38,0,0,59,29,0.8214,0.7461
22,Root,5000,3,39,1,0,38,19,0.6039,0.6287
22,Root,5000,3,40,0,0,35,17,0.5594,0.5344
22,Root,5000,3,41,1,0,44,22,0.7125,0.6436
22,Root,5000,3,42,0,0,35,17,0.5477,0.5214
22,Root,5000,3,43,1,0,48,24,0.7522,0.7051
22,Root,5000,3,44,0,0,39,19,0.6203,0.6466
22,Root,5000,3,45,1,0,50,25,0.7654,0.7060
22,Root,5000,3,46,0,1,40,20,0.6266,0.6125
22,Root,5000,3,47,1,1,59,30,0.8402,0.7791
22,Root,5000,3,48,0,0,61,30,0.8200,0.7436
22,Root,5000,3,49,1,0,44,22,0.7039,0.5579
22,Root,5000,3,50,0,1,50,25,0.7184,0.6674
22,Root,5000,3,51,1,0,34,17,0.5661,0.5533
22,Root,5000,3,52,0,1,52,26,0.7657,0.7492
22,Root,5000,3,53,1,1,39,20,0.6472,0.6071
22,Root,5000,3,54,0,0,47,23,0.7070,0.6472
22,Root,5000,3,55,1,1,55,28,0.8142,0.7784
22,Root,5000,3,56,0,1,54,27,0.7528,0.7092
22,Root,5000,3,57,1,0,36,18,0.5881,0.5316
22,Root,5000,3,58,0,1,40,20,0.6365,0.6025
22,Root,5000,3,59,1,0,46,23,0.7023,0.6523
22,Root,5000,3,60,0,1,40,20,0.6453,0.5880
22,Root,5000,3,61,1,1,47,24,0.7546,0.6928
22,Root,5000,3,62,0,0,39,19,0.5992,0.5536
22,Root,5000,3,63,1,0,42,21,0.6704,0.6283
22,Root,5000,3,64,0,1,48,24,0.7315,0.7168
22,Root,5000,3,65,1,0,26,13,0.4362,0.3955
22,Root,5000,3,66,0,0,61,30,0.7780,0.7537
22,Root,5000,3,67,1,0,34,17,0.5662,0.5451
22,Root,5000,3,68,0,1,40,20,0.6310,0.5665
22,Root,5000,3,69,1,1,53,27,0.7843,0.7383
22,Root,5000,3,70,0,0,45,22,0.6931,0.6893
22,Root,5000,3,71,1,0,36,18,0.5959,0.5886
22,Root,5000,3,72,0,0,47,23,0.7244,0.6770
22,Root,5000,3,73,1,0,50,25,0.7809,0.7752
22,Root,5000,3,74,0,0,57,28,0.7995,0.8025
22,Root,5000,3,75,1,1,69,35,0.9179,0.8361
22,Root,5000,3,76,0,1,54,27,0.7926,0.7384
22,Root,5000,3,77,1,0,38,19,0.6075,0.6027
22,Root,5000,3,78,0,0,45,22,0.6892,0.7431
22,Root,5000,3,79,1,0,36,18,0.5925,0.6044
22,Root,5000,3,80,0,0,37,18,0.5925,0.5922
22,Root,5000,3,81,1,1,63,32,0.8615,0.8568
22,Root,5000,3,82,0,0,55,27,0.7724,0.7376
22,Root,5000,3,83,1,0,48,24,0.7491,0.6537
22,Root,5000,3,84,0,0,51,25,0.7604,0.7675
22,Root,5000,3,85,1,1,41,21,0.6847,0.6083
22,Root,5000,3,86,0,0,53,26,0.7881,0.7411
22,Root,5000,3,87,1,1,41,21,0.6908,0.5618
22,Root,5000,3,88,0,1,36,18,0.5849,0.5520
22,Root,5000,3,89,1,0,44,22,0.6826,0.6073
22,Root,5000,3,90,0,0,47,23,0.7061,0.6603
22,Root,5000,3,91,1,0,52,26,0.7460,0.6793
22,Root,5000,3,92,0,0,47,23,0.7109,0.7506
22,Root,5000,3,93,1,1,37,19,0.6263,0.4946
22,Root,5000,3,94,0,0,57,28,0.7850,0.7737
22,Root,5000,3,95,1,0,36,18,0.5997,0.5149
22,Root,5000,3,96,0,0,59,29,0.8316,0.7277
22,Root,5000,3,97,1,0,50,25,0.7551,0.7393
22,Root,5000,3,98,0,0,35,17,0.5757,0.5446
22,Root,5000,3,99,1,0,56,28,0.8190,0.7576
22,Root,5000,3,100,0,0,61,30,0.8218,0.7511
23,Root,5000,4,1,1,0,56,28,0.6560,0.6480
23,Root,5000,4,2,0,0,37,18,0.4477,0.4802
23,Root,5000,4,3,1,0,54,27,0.6375,0.6306
23,Root,5000,4,4,0,1,38,19,0.4816,0.4883
23,Root,5000,4,5,1,0,60,30,0.6957,0.6912
23,Root,5000,4,6,0,1,36,18,0.4529,0.4593
23,Root,5000,4,7,1,1,43,22,0.5287,0.5014
23,Root,5000,4,8,0,1,58,29,0.6417,0.6534
23,Root,5000,4,9,1,0,34,17,0.4285,0.4296
23,Root,5000,4,10,0,0,45,22,0.5343,0.5636
23,Root,5000,4,11,1,0,42,21,0.5252,0.5231
23,Root,5000,4,12,0,0,47,23,0.5329,0.5671
23,Root,5000,4,13,1,0,58,29,0.6659,0.6689
23,Root,5000,4,14,0,0,33,16,0.4185,0.4479
23,Root,5000,4,15,1,0,56,28,0.6450,0.6459
23,Root,5000,4,16,0,0,53,26,0.6177,0.6491
23,Root,5000,4,17,1,1,41,21,0.5142,0.4763
23,Root,5000,4,18,0,1,48,24,0.5857,0.5961
23,Root,5000,4,19,1,0,36,18,0.4684,0.4728
23,Root,5000,4,20,0,0,43,21,0.5174,0.5482
23,Root,5000,4,21,1,0,54,27,0.6349,0.6247
23,Root,5000,4,22,0,1,30,15,0.3971,0.4045
23,Root,5000,4,23,1,0,40,20,0.5122,0.5090
23,Root,5000,4,24,0,0,41,20,0.5048,0.5342
23,Root,5000,4,25,1,0,44,22,0.5453,0.5462
23,Root,5000,4,26,0,0,37,18,0.4642,0.4939
23,Root,5000,4,27,1,1,75,38,0.7681,0.7472
23,Root,5000,4,28,0,1,36,18,0.4630,0.4647
23,Root,5000,4,29,1,1,47,24,0.5553,0.5364
23,Root,5000,4,30,0,0,61,30,0.6563,0.6796
23,Root,5000,4,31,1,0,50,25,0.6121,0.6090
23,Root,5000,4,32,0,1,48,24,0.5434,0.5504
23,Root,5000,4,33,1,0,46,23,0.5613,0.5605
23,Root,5000,4,34,0,0,39,19,0.4854,0.5209
23,Root,5000,4,35,1,0,48,24,0.5827,0.5864
23,Root,5000,4,36,0,0,51,25,0.5901,0.6238
23,Root,5000,4,37,1,0,40,20,0.5045,0.5048
23,Root,5000,4,38,0,1,42,21,0.5149,0.5198
23,Root,5000,4,39,1,1,53,27,0.6385,0.6215
23,Root,5000,4,40,0,1,42,21,0.5186,0.5295
23,Root,5000,4,41,1,1,53,27,0.6274,0.6036
23,Root,5000,4,42,0,1,44,22,0.5465,0.5524
23,Root,5000,4,43,1,0,40,20,0.5022,0.5020
23,Root,5000,4,44,0,0,51,25,0.5900,0.6167
23,Root,5000,4,45,1,1,53,27,0.6212,0.5946
23,Root,5000,4,46,0,0,41,20,0.4913,0.5264
23,Root,5000,4,47,1,1,37,19,0.4716,0.4465
23,Root,5000,4,48,0,0,41,20,0.4996,0.5294
23,Root,5000,4,49,1,0,54,27,0.6071,0.5946
23,Root,5000,4,50,0,0,37,18,0.4350,0.4676
23,Root,5000,4,51,1,0,52,26,0.6233,0.6169
23,Root,5000,4,52,0,0,45,22,0.5309,0.5605
23,Root,5000,4,53,1,0,36,18,0.4713,0.4740
23,Root,5000,4,54,0,1,38,19,0.4910,0.4987
23,Root,5000,4,55,1,0,46,23,0.5649,0.5612
23,Root,5000,4,56,0,1,54,27,0.6370,0.6450
23,Root,5000,4,57,1,0,40,20,0.5037,0.5079
23,Root,5000,4,58,0,0,61,30,0.6218,0.6537
23,Root,5000,4,59,1,0,56,28,0.6442,0.6422
23,Root,5000,4,60,0,1,48,24,0.5773,0.5823
23,Root,5000,4,61,1,0,34,17,0.4144,0.4190
23,Root,5000,4,62,0,0,67,33,0.6818,0.6889
23,Root,5000,4,63,1,0,52,26,0.6144,0.6069
23,Root,5000,4,64,0,1,38,19,0.4753,0.4793
23,Root,5000,4,65,1,0,38,19,0.4911,0.4895
23,Root,5000,4,66,0,0,61,30,0.6689,0.6911
23,Root,5000,4,67,1,0,60,30,0.6895,0.6915
23,Root,5000,4,68,0,0,47,23,0.5591,0.5869
23,Root,5000,4,69,1,1,49,25,0.5820,0.5588
23,Root,5000,4,70,0,0,65,32,0.6284,0.6583
23,Root,5000,4,71,1,0,60,30,0.6903,0.6872
23,Root,5000,4,72,0,1,70,35,0.7243,0.7305
23,Root,5000,4,73,1,1,47,24,0.5572,0.5377
23,Root,5000,4,74,0,1,34,17,0.4410,0.4459
23,Root,5000,4,75,1,0,38,19,0.4766,0.4728
23,Root,5000,4,76,0,0,65,32,0.6918,0.7170
23,Root,5000,4,77,1,0,48,24,0.5861,0.5824
23,Root,5000,4,78,0,0,41,20,0.4967,0.5275
23,Root,5000,4,79,1,0,38,19,0.4923,0.4890
23,Root,5000,4,80,0,0,61,30,0.6339,0.6636
23,Root,5000,4,81,1,0,34,17,0.4335,0.4352
23,Root,5000,4,82,0,1,58,29,0.6180,0.6223
23,Root,5000,4,83,1,1,43,22,0.5491,0.5274
23,Root,5000,4,84,0,0,43,21,0.5152,0.5398
23,Root,5000,4,85,1,1,43,22,0.5459,0.5251
23,Root,5000,4,86,0,0,39,19,0.4778,0.5073
23,Root,5000,4,87,1,0,48,24,0.5846,0.5803
23,Root,5000,4,88,0,1,24,12,0.3147,0.3192
23,Root,5000,4,89,1,0,56,28,0.6440,0.6434
23,Root,5000,4,90,0,1,36,18,0.4635,0.4694
23,Root,5000,4,91,1,1,45,23,0.5698,0.5458
23,Root,5000,4,92,0,0,43,21,0.5203,0.5470
23,Root,5000,4,93,1,1,31,16,0.4248,0.3947
23,Root,5000,4,94,0,1,50,25,0.5859,0.6033
23,Root,5000,4,95,1,0,74,37,0.7758,0.7781
23,Root,5000,4,96,0,0,57,28,0.5515,0.5818
23,Root,5000,4,97,1,0,50,25,0.5948,0.5968
23,Root,5000,4,98,0,1,46,23,0.5577,0.5636
23,Root,5000,4,99,1,0,44,22,0.5425,0.5399
23,Root,5000,4,100,0,1,54,27,0.6255,0.6351
24,LockFree,5000,2,1,1,1,39,20,0.9548,0.6240
24,LockFree,5000,2,2,0,0,37,18,0.7407,0.5439
24,LockFree,5000,2,3,1,1,43,22,1.0385,0.7096
24,LockFree,5000,2,4,0,0,71,35,1.3658,0.8749
24,LockFree,5000,2,5,1,0,56,28,1.2559,0.7565
24,LockFree,5000,2,6,0,0,45,22,1.0355,0.7283
24,LockFree,5000,2,7,1,0,56,28,1.2215,0.7977
24,LockFree,5000,2,8,0,0,49,24,1.0923,0.7607
24,LockFree,5000,2,9,1,0,46,23,1.0824,0.6876
24,LockFree,5000,2,10,0,0,41,20,0.9519,0.6103
24,LockFree,5000,2,11,1,1,61,31,1.2957,0.8156
24,LockFree,5000,2,12,0,1,56,28,1.1361,0.7214
24,LockFree,5000,2,13,1,1,47,24,1.0964,0.7043
24,LockFree,5000,2,14,0,1,50,25,1.1439,0.7220
24,LockFree,5000,2,15,1,1,35,18,0.8840,0.5536
24,LockFree,5000,2,16,0,1,46,23,1.0382,0.6650
24,LockFree,5000,2,17,1,1,53,27,1.1833,0.7281
24,LockFree,5000,2,18,0,1,52,26,1.1338,0.7610
24,LockFree,5000,2,19,1,0,42,21,0.9916,0.6121
24,LockFree,5000,2,20,0,0,41,20,0.9490,0.6098
24,LockFree,5000,2,21,1,1,45,23,1.0448,0.6299
24,LockFree,5000,2,22,0,1,40,20,0.9609,0.6187
24,LockFree,5000,2,23,1,0,47,24,1.1415,0.6635
24,LockFree,5000,2,24,0,1,34,17,0.8451,0.4585
24,LockFree,5000,2,25,1,0,50,25,1.1456,0.7695
24,LockFree,5000,2,26,0,0,47,23,1.0684,0.7180
24,LockFree,5000,2,27,1,0,46,23,1.0912,0.6955
24,LockFree,5000,2,28,0,0,41,20,0.9554,0.6807
24,LockFree,5000,2,29,1,0,64,32,1.3039,0.8521
24,LockFree,5000,2,30,0,1,50,25,1.1356,0.7182
24,LockFree,5000,2,31,1,1,51,26,1.1521,0.7500
24,LockFree,5000,2,32,0,0,61,30,1.2045,0.8159
24,LockFree,5000,2,33,1,0,42,21,1.0258,0.6961
24,LockFree,5000,2,34,0,0,47,23,1.0191,0.7737
24,LockFree,5000,2,35,1,1,49,25,1.1216,0.7625
24,LockFree,5000,2,36,0,1,34,17,0.8288,0.5149
24,LockFree,5000,2,37,1,0,44,22,1.0232,0.5977
24,LockFree,5000,2,38,0,1,52,26,1.1338,0.7097
24,LockFree,5000,2,39,1,1,39,20,0.9534,0.5551
24,LockFree,5000,2,40,0,1,46,23,1.0559,0.7043
24,LockFree,5000,2,41,1,0,38,19,0.9265,0.6333
24,LockFree,5000,2,42,0,1,56,28,1.1860,0.7548
24,LockFree,5000,2,43,1,1,43,22,1.0524,0.7097
24,LockFree,5000,2,44,0,1,40,20,0.9531,0.5923
24,LockFree,5000,2,45,1,0,64,32,1.3091,0.7854
24,LockFree,5000,2,46,0,0,63,31,1.2582,0.8250
24,LockFree,5000,2,47,1,0,52,26,1.1262,0.7337
24,LockFree,5000,2,48,0,1,46,23,1.0558,0.7017
24,LockFree,5000,2,49,1,1,63,32,1.2298,0.7105
24,LockFree,5000,2,50,0,0,43,21,1.0094,0.6558
24,LockFree,5000,2,51,1,0,46,23,1.0575,0.7120
24,LockFree,5000,2,52,0,0,51,25,1.1221,0.8121
24,LockFree,5000,2,53,1,0,52,26,1.1076,0.7092
24,LockFree,5000,2,54,0,1,38,19,0.9248,0.5689
24,LockFree,5000,2,55,1,1,65,33,1.3282,0.8621
24,LockFree,5000,2,56,0,1,38,19,0.8760,0.5499
24,LockFree,5000,2,57,1,1,59,30,1.2925,0.7477
24,LockFree,5000,2,58,0,1,52,26,1.1508,0.7781
24,LockFree,5000,2,59,1,1,51,26,1.1626,0.7413
24,LockFree,5000,2,60,0,0,47,23,1.0358,0.7444
24,LockFree,5000,2,61,1,1,39,20,0.9509,0.6398
24,LockFree,5000,2,62,0,0,59,29,1.2168,0.8749
24,LockFree,5000,2,63,1,0,66,33,1.3187,0.8887
24,LockFree,5000,2,64,0,0,51,25,1.0694,0.7241
24,LockFree,5000,2,65,1,1,37,19,0.9307,0.5427
24,LockFree,5000,2,66,0,1,32,16,0.8105,0.5396
24,LockFree,5000,2,67,1,0,40,20,0.9330,0.5987
24,LockFree,5000,2,68,0,0,53,26,1.1261,0.7644
24,LockFree,5000,2,69,1,1,49,25,1.1522,0.7588
24,LockFree,5000,2,70,0,1,42,21,0.9561,0.6312
24,LockFree,5000,2,71,1,0,60,30,1.2597,0.7226
24,LockFree,5000,2,72,0,0,33,16,0.7280,0.5021
24,LockFree,5000,2,73,1,1,31,16,0.7645,0.4812
24,LockFree,5000,2,74,0,0,57,28,1.2284,0.8758
24,LockFree,5000,2,75,1,1,47,24,1.1047,0.6647
24,LockFree,5000,2,76,0,1,38,19,0.9149,0.6378
24,LockFree,5000,2,77,1,0,52,26,1.1479,0.7334
24,LockFree,5000,2,78,0,1,36,18,0.8760,0.5661
24,LockFree,5000,2,79,1,0,42,21,0.9902,0.6693
24,LockFree,5000,2,80,0,0,43,21,0.9838,0.6181
24,LockFree,5000,2,81,1,0,56,28,1.2277,0.7858
24,LockFree,5000,2,82,0,0,47,23,0.9912,0.6237
24,LockFree,5000,2,83,1,0,46,23,1.0693,0.6541
24,LockFree,5000,2,84,0,1,48,24,1.0835,0.7109
24,LockFree,5000,2,85,1,1,43,22,1.0282,0.5964
24,LockFree,5000,2,86,0,1,40,20,0.9601,0.5827
24,LockFree,5000,2,87,1,0,54,27,1.1444,0.7373
24,LockFree,5000,2,88,0,0,49,24,1.0526,0.7204
24,LockFree,5000,2,89,1,0,68,34,1.3763,0.7870
24,LockFree,5000,2,90,0,1,38,19,0.9078,0.5659
24,LockFree,5000,2,91,1,0,44,22,1.0361,0.6534
24,LockFree,5000,2,92,0,1,60,30,1.2766,0.8458
24,LockFree,5000,2,93,1,0,42,21,0.9680,0.6711
24,LockFree,5000,2,94,0,0,41,20,0.9228,0.5463
24,LockFree,5000,2,95,1,0,50,25,1.1260,0.7073
24,LockFree,5000,2,96,0,0,33,16,0.7974,0.5115
24,LockFree,5000,2,97,1,1,45,23,1.0775,0.6908
24,LockFree,5000,2,98,0,0,49,24,1.1114,0.7946
24,LockFree,5000,2,99,1,1,57,29,1.2376,0.8081
24,LockFree,5000,2,100,0,0,41,20,0.9627,0.6027
25,LockFree,5000,3,1,1,0,60,30,0.8277,0.8085
25,LockFree,5000,3,2,0,0,37,18,0.5843,0.5489
25,LockFree,5000,3,3,1,1,69,35,0.9385,0.8344
25,LockFree,5000,3,4,0,0,51,25,0.7478,0.6929
25,LockFree,5000,3,5,1,1,37,19,0.5767,0.4426
25,LockFree,5000,3,6,0,0,53,26,0.7368,0.7036
25,LockFree,5000,3,7,1,1,53,27,0.7948,0.6224
25,LockFree,5000,3,8,0,1,44,22,0.6976,0.6211
25,LockFree,5000,3,9,1,1,57,29,0.8425,0.7733
25,LockFree,5000,3,10,0,0,47,23,0.7104,0.6003
25,LockFree,5000,3,11,1,1,35,18,0.5902,0.4906
25,LockFree,5000,3,12,0,1,36,18,0.5995,0.4954
25,LockFree,5000,3,13,1,1,41,21,0.6500,0.4686
25,LockFree,5000,3,14,0,0,41,20,0.6306,0.5741
25,LockFree,5000,3,15,1,0,44,22,0.7060,0.6384
25,LockFree,5000,3,16,0,0,43,21,0.6661,0.6437
25,LockFree,5000,3,17,1,0,46,23,0.7253,0.6393
25,LockFree,5000,3,18,0,1,48,24,0.7335,0.5734
25,LockFree,5000,3,19,1,0,46,23,0.6879,0.6368
25,LockFree,5000,3,20,0,0,39,19,0.6196,0.6760
25,LockFree,5000,3,21,1,0,60,30,0.8560,0.7443
25,LockFree,5000,3,22,0,0,45,22,0.7008,0.6791
25,LockFree,5000,3,23,1,1,39,20,0.6719,0.5923
25,LockFree,5000,3,24,0,0,35,17,0.5487,0.5605
25,LockFree,5000,3,25,1,1,37,19,0.6192,0.5315
25,LockFree,5000,3,26,0,0,33,16,0.5146,0.5212
25,LockFree,5000,3,27,1,0,34,17,0.5712,0.4919
25,LockFree,5000,3,28,0,1,34,17,0.5668,0.4642
25,LockFree,5000,3,29,1,0,50,25,0.7777,0.7542
25,LockFree,5000,3,30,0,0,31,15,0.5114,0.4645
25,LockFree,5000,3,31,1,1,51,26,0.7834,0.7185
25,LockFree,5000,3,32,0,0,37,18,0.6027,0.5776
25,LockFree,5000,3,33,1,0,68,34,0.9273,0.9187
25,LockFree,5000,3,34,0,1,66,33,0.9168,0.8014
25,LockFree,5000,3,35,1,0,52,26,0.7906,0.7288
25,LockFree,5000,3,36,0,1,50,25,0.7568,0.6608
25,LockFree,5000,3,37,1,1,63,32,0.8874,0.7988
25,LockFree,5000,3,38,0,1,40,20,0.6528,0.5887
25,LockFree,5000,3,39,1,1,45,23,0.7363,0.6440
25,LockFree,5000,3,40,0,1,34,17,0.5576,0.5231
25,LockFree,5000,3,41,1,0,42,21,0.6919,0.6089
25,LockFree,5000,3,42,0,0,41,20,0.6515,0.6821
25,LockFree,5000,3,43,1,1,51,26,0.8132,0.7100
25,LockFree,5000,3,44,0,1,50,25,0.7295,0.6158
25,LockFree,5000,3,45,1,0,48,24,0.7393,0.7363
25,LockFree,5000,3,46,0,0,51,25,0.7523,0.7006
25,LockFree,5000,3,47,1,1,41,21,0.6881,0.5518
25,LockFree,5000,3,48,0,0,49,24,0.7143,0.6895
25,LockFree,5000,3,49,1,0,52,26,0.7811,0.7281
25,LockFree,5000,3,50,0,0,47,23,0.7173,0.6554
25,LockFree,5000,3,51,1,1,43,22,0.7018,0.5993
25,LockFree,5000,3,52,0,0,43,21,0.6818,0.7020
25,LockFree,5000,3,53,1,0,36,18,0.5826,0.5571
25,LockFree,5000,3,54,0,0,33,16,0.5007,0.5302
25,LockFree,5000,3,55,1,1,45,23,0.7319,0.5606
25,LockFree,5000,3,56,0,1,38,19,0.6449,0.6117
25,LockFree,5000,3,57,1,1,53,27,0.8369,0.7622
25,LockFree,5000,3,58,0,0,47,23,0.7060,0.7117
25,LockFree,5000,3,59,1,0,54,27,0.8271,0.7232
25,LockFree,5000,3,60,0,0,49,24,0.7509,0.7625
25,LockFree,5000,3,61,1,1,55,28,0.8441,0.7135
25,LockFree,5000,3,62,0,1,56,28,0.7868,0.7222
25,LockFree,5000,3,63,1,1,35,18,0.6073,0.5238
25,LockFree,5000,3,64,0,1,38,19,0.6260,0.5410
25,LockFree,5000,3,65,1,1,53,27,0.7879,0.7951
25,LockFree,5000,3,66,0,0,37,18,0.5764,0.6035
25,LockFree,5000,3,67,1,0,30,15,0.5073,0.4666
25,LockFree,5000,3,68,0,0,49,24,0.7527,0.6859
25,LockFree,5000,3,69,1,1,43,22,0.6927,0.6490
25,LockFree,5000,3,70,0,0,47,23,0.6946,0.6744
25,LockFree,5000,3,71,1,1,51,26,0.7911,0.6757
25,LockFree,5000,3,72,0,1,28,14,0.4766,0.4801
25,LockFree,5000,3,73,1,0,46,23,0.7310,0.6749
25,LockFree,5000,3,74,0,1,48,24,0.7291,0.7110
25,LockFree,5000,3,75,1,1,45,23,0.7110,0.6158
25,LockFree,5000,3,76,0,0,53,26,0.7421,0.7268
25,LockFree,5000,3,77,1,1,35,18,0.5951,0.5486
25,LockFree,5000,3,78,0,1,46,23,0.7244,0.6995
25,LockFree,5000,3,79,1,1,45,23,0.6586,0.5152
25,LockFree,5000,3,80,0,0,43,21,0.6849,0.6302
25,LockFree,5000,3,81,1,1,49,25,0.7916,0.6939
25,LockFree,5000,3,82,0,1,26,13,0.4463,0.4026
25,LockFree,5000,3,83,1,1,51,26,0.7308,0.6432
25,LockFree,5000,3,84,0,1,48,24,0.7556,0.6954
25,LockFree,5000,3,85,1,1,41,21,0.6720,0.5513
25,LockFree,5000,3,86,0,0,49,24,0.7210,0.6354
25,LockFree,5000,3,87,1,1,49,25,0.7598,0.6172
25,LockFree,5000,3,88,0,0,61,30,0.8448,0.7392
25,LockFree,5000,3,89,1,0,52,26,0.8065,0.6812
25,LockFree,5000,3,90,0,1,48,24,0.7417,0.6744
25,LockFree,5000,3,91,1,0,50,25,0.7876,0.7474
25,LockFree,5000,3,92,0,1,50,25,0.7733,0.6495
25,LockFree,5000,3,93,1,0,48,24,0.7459,0.6964
25,LockFree,5000,3,94,0,1,38,19,0.6184,0.5669
25,LockFree,5000,3,95,1,1,53,27,0.8109,0.6941
25,LockFree,5000,3,96,0,0,41,20,0.6322,0.6038
25,LockFree,5000,3,97,1,0,42,21,0.6763,0.5896
25,LockFree,5000,3,98,0,0,51,25,0.7148,0.6569
25,LockFree,5000,3,99,1,0,42,21,0.6556,0.6105
25,LockFree,5000,3,100,0,1,38,19,0.5980,0.5223
26,LockFree,5000,4,1,1,0,46,23,0.5889,0.5648
26,LockFree,5000,4,2,0,0,41,20,0.5078,0.5313
26,LockFree,5000,4,3,1,1,41,21,0.5386,0.5039
26,LockFree,5000,4,4,0,1,44,22,0.5468,0.5458
26,LockFree,5000,4,5,1,1,45,23,0.5826,0.5516
26,LockFree,5000,4,6,0,0,47,23,0.5545,0.5751
26,LockFree,5000,4,7,1,0,46,23,0.5778,0.5673
26,LockFree,5000,4,8,0,0,47,23,0.5764,0.5970
26,LockFree,5000,4,9,1,0,66,33,0.7198,0.6992
26,LockFree,5000,4,10,0,0,59,29,0.6682,0.6860
26,LockFree,5000,4,11,1,1,53,27,0.6334,0.6009
26,LockFree,5000,4,12,0,0,51,25,0.5961,0.6230
26,LockFree,5000,4,13,1,1,61,31,0.6769,0.6383
26,LockFree,5000,4,14,0,0,41,20,0.5231,0.5435
26,LockFree,5000,4,15,1,1,45,23,0.5262,0.4910
26,LockFree,5000,4,16,0,1,44,22,0.5564,0.5592
26,LockFree,5000,4,17,1,1,53,27,0.6064,0.5832
26,LockFree,5000,4,18,0,0,45,22,0.5432,0.5681
26,LockFree,5000,4,19,1,0,44,22,0.5511,0.5474
26,LockFree,5000,4,20,0,1,38,19,0.5004,0.5016
26,LockFree,5000,4,21,1,0,54,27,0.6194,0.6063
26,LockFree,5000,4,22,0,1,38,19,0.4753,0.4763
26,LockFree,5000,4,23,1,1,41,21,0.5419,0.5091
26,LockFree,5000,4,24,0,1,56,28,0.6910,0.6952
26,LockFree,5000,4,25,1,1,39,20,0.6669,0.6095
26,LockFree,5000,4,26,0,0,53,26,0.6408,0.6601
26,LockFree,5000,4,27,1,0,46,23,0.5971,0.5822
26,LockFree,5000,4,28,0,0,47,23,0.6586,0.6839
26,LockFree,5000,4,29,1,1,61,31,1.1233,1.0871
26,LockFree,5000,4,30,0,0,47,23,0.8321,0.8761
26,LockFree,5000,4,31,1,0,54,27,0.8385,0.8190
26,LockFree,5000,4,32,0,1,62,31,0.7088,0.7093
26,LockFree,5000,4,33,1,0,40,20,0.5177,0.5148
26,LockFree,5000,4,34,0,1,42,21,0.5210,0.5183
26,LockFree,5000,4,35,1,1,41,21,0.5631,0.5339
26,LockFree,5000,4,36,0,1,44,22,0.5590,0.5596
26,LockFree,5000,4,37,1,0,54,27,0.6636,0.6626
26,LockFree,5000,4,38,0,1,44,22,0.5460,0.5484
26,LockFree,5000,4,39,1,1,57,29,0.6254,0.5953
26,LockFree,5000,4,40,0,1,52,26,0.6458,0.6465
26,LockFree,5000,4,41,1,1,59,30,0.7024,0.6675
26,LockFree,5000,4,42,0,0,73,36,0.7579,0.7740
26,LockFree,5000,4,43,1,0,30,15,0.4035,0.3979
26,LockFree,5000,4,44,0,1,52,26,0.6266,0.6269
26,LockFree,5000,4,45,1,0,44,22,0.5647,0.5584
26,LockFree,5000,4,46,0,1,50,25,0.6152,0.6156
26,LockFree,5000,4,47,1,0,52,26,0.6355,0.6306
26,LockFree,5000,4,48,0,0,43,21,0.5291,0.5564
26,LockFree,5000,4,49,1,1,47,24,0.5925,0.5652
26,LockFree,5000,4,50,0,0,37,18,0.4666,0.4880
26,LockFree,5000,4,51,1,1,41,21,0.5367,0.5031
26,LockFree,5000,4,52,0,1,50,25,0.6193,0.6188
26,LockFree,5000,4,53,1,0,40,20,0.5201,0.5134
26,LockFree,5000,4,54,0,0,53,26,0.6194,0.6518
26,LockFree,5000,4,55,1,1,55,28,0.6192,0.5943
26,LockFree,5000,4,56,0,1,38,19,0.4785,0.4772
26,LockFree,5000,4,57,1,1,51,26,0.6265,0.5876
26,LockFree,5000,4,58,0,1,32,16,0.4343,0.4326
26,LockFree,5000,4,59,1,1,57,29,0.7069,0.6794
26,LockFree,5000,4,60,0,0,53,26,0.6315,0.6605
26,LockFree,5000,4,61,1,0,42,21,0.5623,0.5574
26,LockFree,5000,4,62,0,0,51,25,0.5725,0.6004
26,LockFree,5000,4,63,1,1,37,19,0.5048,0.4747
26,LockFree,5000,4,64,0,1,42,21,0.5386,0.5336
26,LockFree,5000,4,65,1,0,38,19,0.4807,0.4744
26,LockFree,5000,4,66,0,0,37,18,0.4680,0.4937
26,LockFree,5000,4,67,1,1,43,22,0.5890,0.5606
26,LockFree,5000,4,68,0,0,55,27,0.6422,0.6580
26,LockFree,5000,4,69,1,1,57,29,0.6662,0.6398
26,LockFree,5000,4,70,0,1,46,23,0.5971,0.5999
26,LockFree,5000,4,71,1,0,30,15,0.4128,0.4132
26,LockFree,5000,4,72,0,1,52,26,0.5902,0.5865
26,LockFree,5000,4,73,1,0,36,18,0.4721,0.4714
26,LockFree,5000,4,74,0,1,40,20,0.5294,0.5294
26,LockFree,5000,4,75,1,1,47,24,0.6278,0.5907
26,LockFree,5000,4,76,0,0,45,22,0.6170,0.6509
26,LockFree,5000,4,77,1,0,34,17,0.4749,0.4743
26,LockFree,5000,4,78,0,1,58,29,0.7015,0.7077
26,LockFree,5000,4,79,1,0,58,29,0.6972,0.6837
26,LockFree,5000,4,80,0,0,59,29,0.6838,0.7043
26,LockFree,5000,4,81,1,1,53,27,0.6836,0.6542
26,LockFree,5000,4,82,0,1,42,21,0.5650,0.5675
26,LockFree,5000,4,83,1,0,56,28,0.6778,0.6599
26,LockFree,5000,4,84,0,1,36,18,0.4906,0.4912
26,LockFree,5000,4,85,1,1,39,20,0.5317,0.4962
26,LockFree,5000,4,86,0,0,37,18,0.4752,0.5045
26,LockFree,5000,4,87,1,0,52,26,0.6660,0.6572
26,LockFree,5000,4,88,0,1,48,24,0.6023,0.6093
26,LockFree,5000,4,89,1,1,39,20,0.6535,0.6138
26,LockFree,5000,4,90,0,0,45,22,0.7602,0.7915
26,LockFree,5000,4,91,1,1,55,28,0.8530,0.8165
26,LockFree,5000,4,92,0,0,49,24,0.8418,0.8531
26,LockFree,5000,4,93,1,1,55,28,0.8537,0.8184
26,LockFree,5000,4,94,0,1,52,26,0.7010,0.7239
26,LockFree,5000,4,95,1,0,42,21,0.6433,0.6291
26,LockFree,5000,4,96,0,1,44,22,0.6342,0.6284
26,LockFree,5000,4,97,1,1,53,27,0.6912,0.6563
26,LockFree,5000,4,98,0,1,60,30,0.8063,0.8060
26,LockFree,5000,4,99,1,1,45,23,0.5587,0.5283
26,LockFree,5000,4,100,0,1,56,28,0.8165,0.8146
27,VirtualLoss,5000,2,1,1,0,48,24,1.0957,0.5909
27,VirtualLoss,5000,2,2,0,1,42,21,0.9976,0.5037
27,VirtualLoss,5000,2,3,1,1,53,27,1.1792,0.5827
27,VirtualLoss,5000,2,4,0,0,55,27,1.2885,0.8169
27,VirtualLoss,5000,2,5,1,0,42,21,1.0110,0.5748
27,VirtualLoss,5000,2,6,0,1,36,18,0.9850,0.6478
27,VirtualLoss,5000,2,7,1,0,46,23,1.2291,0.8043
27,VirtualLoss,5000,2,8,0,1,40,20,1.1193,0.7839
27,VirtualLoss,5000,2,9,1,1,43,22,1.2627,0.7699
27,VirtualLoss,5000,2,10,0,1,32,16,0.8824,0.5951
27,VirtualLoss,5000,2,11,1,1,57,29,1.3417,0.8475
27,VirtualLoss,5000,2,12,0,1,34,17,0.9081,0.5560
27,VirtualLoss,5000,2,13,1,0,36,18,0.8743,0.4949
27,VirtualLoss,5000,2,14,0,0,39,19,0.9231,0.5650
27,VirtualLoss,5000,2,15,1,1,37,19,0.9884,0.5209
27,VirtualLoss,5000,2,16,0,0,51,25,1.1863,0.7380
27,VirtualLoss,5000,2,17,1,1,49,25,1.2146,0.7209
27,VirtualLoss,5000,2,18,0,1,36,18,0.8882,0.5069
27,VirtualLoss,5000,2,19,1,1,39,20,0.9899,0.5363
27,VirtualLoss,5000,2,20,0,0,43,21,1.0163,0.6355
27,VirtualLoss,5000,2,21,1,1,51,26,1.3275,0.8749
27,VirtualLoss,5000,2,22,0,0,51,25,1.2749,0.9009
27,VirtualLoss,5000,2,23,1,0,50,25,1.1987,0.6587
27,VirtualLoss,5000,2,24,0,0,31,15,0.7574,0.4706
27,VirtualLoss,5000,2,25,1,0,38,19,0.9316,0.5067
27,VirtualLoss,5000,2,26,0,0,55,27,1.2825,0.7992
27,VirtualLoss,5000,2,27,1,1,47,24,1.1387,0.5837
27,VirtualLoss,5000,2,28,0,0,43,21,0.9765,0.5867
27,VirtualLoss,5000,2,29,1,0,52,26,1.2257,0.6641
27,VirtualLoss,5000,2,30,0,1,40,20,0.9735,0.5086
27,VirtualLoss,5000,2,31,1,0,34,17,0.8833,0.4947
27,VirtualLoss,5000,2,32,0,0,41,20,0.9530,0.6316
27,VirtualLoss,5000,2,33,1,0,36,18,0.8998,0.5626
27,VirtualLoss,5000,2,34,0,0,51,25,1.1022,0.6667
27,VirtualLoss,5000,2,35,1,1,49,25,1.1907,0.6418
27,VirtualLoss,5000,2,36,0,0,51,25,1.1426,0.7415
27,VirtualLoss,5000,2,37,1,1,53,27,1.2185,0.6786
27,VirtualLoss,5000,2,38,0,1,36,18,0.9196,0.5108
27,VirtualLoss,5000,2,39,1,1,43,22,1.1378,0.6720
27,VirtualLoss,5000,2,40,0,1,48,24,1.2343,0.7725
27,VirtualLoss,5000,2,41,1,0,34,17,0.8727,0.4673
27,VirtualLoss,5000,2,42,0,0,83,41,1.5815,1.0221
27,VirtualLoss,5000,2,43,1,1,65,33,1.3689,0.7018
27,VirtualLoss,5000,2,44,0,1,54,27,1.2899,0.8861
27,VirtualLoss,5000,2,45,1,1,31,16,0.8886,0.5294
27,VirtualLoss,5000,2,46,0,1,40,20,0.9929,0.6610
27,VirtualLoss,5000,2,47,1,1,49,25,1.2168,0.7483
27,VirtualLoss,5000,2,48,0,0,45,22,1.0952,0.7247
27,VirtualLoss,5000,2,49,1,0,50,25,1.2551,0.8355
27,VirtualLoss,5000,2,50,0,0,55,27,1.3989,0.9126
27,VirtualLoss,5000,2,51,1,0,52,26,1.4564,0.9904
27,VirtualLoss,5000,2,52,0,1,42,21,1.0628,0.6937
27,VirtualLoss,5000,2,53,1,1,71,36,1.3029,0.7696
27,VirtualLoss,5000,2,54,0,1,52,26,1.4420,0.9503
27,VirtualLoss,5000,2,55,1,1,55,28,1.4151,0.9322
27,VirtualLoss,5000,2,56,0,0,47,23,1.1288,0.7915
27,VirtualLoss,5000,2,57,1,0,30,15,0.7962,0.5336
27,VirtualLoss,5000,2,58,0,0,51,25,1.1728,0.7869
27,VirtualLoss,5000,2,59,1,0,66,33,1.4639,0.9498
27,VirtualLoss,5000,2,60,0,1,50,25,1.2394,0.7567
27,VirtualLoss,5000,2,61,1,1,41,21,1.0573,0.6219
27,VirtualLoss,5000,2,62,0,1,42,21,1.0158,0.6365
27,VirtualLoss,5000,2,63,1,1,39,20,1.0369,0.5399
27,VirtualLoss,5000,2,64,0,1,50,25,1.3441,0.8663
27,VirtualLoss,5000,2,65,1,0,48,24,1.2647,0.7343
27,VirtualLoss,5000,2,66,0,0,73,36,1.5023,1.0100
27,VirtualLoss,5000,2,67,1,0,44,22,1.1141,0.6941
27,VirtualLoss,5000,2,68,0,0,43,21,1.0339,0.6687
27,VirtualLoss,5000,2,69,1,0,52,26,1.2917,0.8047
27,VirtualLoss,5000,2,70,0,0,51,25,1.1951,0.7895
27,VirtualLoss,5000,2,71,1,0,48,24,1.1651,0.6935
27,VirtualLoss,5000,2,72,0,1,50,25,1.1608,0.6401
27,VirtualLoss,5000,2,73,1,0,40,20,1.0111,0.5864
27,VirtualLoss,5000,2,74,0,1,54,27,1.2331,0.7106
27,VirtualLoss,5000,2,75,1,0,28,14,0.7199,0.4359
27,VirtualLoss,5000,2,76,0,1,46,23,0.9839,0.6065
27,VirtualLoss,5000,2,77,1,0,40,20,0.9877,0.5842
27,VirtualLoss,5000,2,78,0,0,41,20,0.9882,0.5913
27,VirtualLoss,5000,2,79,1,0,46,23,1.1283,0.5887
27,VirtualLoss,5000,2,80,0,0,49,24,1.1416,0.6533
27,VirtualLoss,5000,2,81,1,1,35,18,0.9046,0.4898
27,VirtualLoss,5000,2,82,0,0,29,14,0.7610,0.4841
27,VirtualLoss,5000,2,83,1,0,40,20,0.9986,0.5683
27,VirtualLoss,5000,2,84,0,0,37,18,0.9387,0.6229
27,VirtualLoss,5000,2,85,1,0,40,20,0.9881,0.5299
27,VirtualLoss,5000,2,86,0,1,44,22,1.1071,0.6302
27,VirtualLoss,5000,2,87,1,0,56,28,1.2992,0.7964
27,VirtualLoss,5000,2,88,0,0,59,29,1.3506,0.8878
27,VirtualLoss,5000,2,89,1,0,34,17,0.8532,0.4710
27,VirtualLoss,5000,2,90,0,0,47,23,1.0627,0.5962
27,VirtualLoss,5000,2,91,1,1,41,21,1.0435,0.6074
27,VirtualLoss,5000,2,92,0,1,60,30,1.2509,0.6999
27,VirtualLoss,5000,2,93,1,1,45,23,1.1128,0.6545
27,VirtualLoss,5000,2,94,0,0,53,26,1.2117,0.7614
27,VirtualLoss,5000,2,95,1,1,51,26,1.2720,0.7438
27,VirtualLoss,5000,2,96,0,0,39,19,1.0188,0.7171
27,VirtualLoss,5000,2,97,1,1,45,23,1.1371,0.7262
27,VirtualLoss,5000,2,98,0,1,44,22,1.0480,0.5791
27,VirtualLoss,5000,2,99,1,0,44,22,1.0276,0.5892
27,VirtualLoss,5000,2,100,0,0,53,26,1.2195,0.7029
28,VirtualLoss,5000,3,1,1,0,40,20,0.6815,0.5007
28,VirtualLoss,5000,3,2,0,0,45,22,0.7297,0.6359
28,VirtualLoss,5000,3,3,1,0,48,24,0.7778,0.6337
28,VirtualLoss,5000,3,4,0,0,37,18,0.6207,0.5319
28,VirtualLoss,5000,3,5,1,1,47,24,0.7582,0.5573
28,VirtualLoss,5000,3,6,0,1,54,27,0.7980,0.7010
28,VirtualLoss,5000,3,7,1,0,42,21,0.6926,0.5566
28,VirtualLoss,5000,3,8,0,0,39,19,0.6674,0.5841
28,VirtualLoss,5000,3,9,1,0,56,28,0.8826,0.7133
28,VirtualLoss,5000,3,10,0,0,33,16,0.5014,0.4528
28,VirtualLoss,5000,3,11,1,0,56,28,0.8713,0.6956
28,VirtualLoss,5000,3,12,0,0,59,29,0.8488,0.7188
28,VirtualLoss,5000,3,13,1,0,48,24,0.7612,0.5970
28,VirtualLoss,5000,3,14,0,0,63,31,0.9441,0.8709
28,VirtualLoss,5000,3,15,1,1,29,15,0.5379,0.3873
28,VirtualLoss,5000,3,16,0,0,63,31,0.8938,0.7552
28,VirtualLoss,5000,3,17,1,0,56,28,0.8548,0.6735
28,VirtualLoss,5000,3,18,0,0,43,21,0.7066,0.6037
28,VirtualLoss,5000,3,19,1,0,46,23,0.7522,0.6058
28,VirtualLoss,5000,3,20,0,1,42,21,0.7449,0.6239
28,VirtualLoss,5000,3,21,1,1,41,21,0.7078,0.5591
28,VirtualLoss,5000,3,22,0,0,39,19,0.6951,0.6351
28,VirtualLoss,5000,3,23,1,0,62,31,0.9637,0.8166
28,VirtualLoss,5000,3,24,0,0,37,18,0.6288,0.6392
28,VirtualLoss,5000,3,25,1,0,58,29,0.8896,0.7742
28,VirtualLoss,5000,3,26,0,0,43,21,0.7038,0.6501
28,VirtualLoss,5000,3,27,1,1,47,24,0.7789,0.6065
28,VirtualLoss,5000,3,28,0,1,48,24,0.8243,0.7167
28,VirtualLoss,5000,3,29,1,0,50,25,0.8807,0.7432
28,VirtualLoss,5000,3,30,0,1,36,18,0.9746,0.7607
28,VirtualLoss,5000,3,31,1,1,45,23,0.8767,0.7498
28,VirtualLoss,5000,3,32,0,0,45,22,0.7343,0.7021
28,VirtualLoss,5000,3,33,1,0,54,27,0.8896,0.7295
28,VirtualLoss,5000,3,34,0,1,42,21,0.6971,0.5973
28,VirtualLoss,5000,3,35,1,1,57,29,0.8967,0.6980
28,VirtualLoss,5000,3,36,0,0,61,30,0.8597,0.7716
28,VirtualLoss,5000,3,37,1,1,39,20,0.6643,0.5109
28,VirtualLoss,5000,3,38,0,1,52,26,0.8830,0.8094
28,VirtualLoss,5000,3,39,1,1,47,24,0.8007,0.6441
28,VirtualLoss,5000,3,40,0,1,40,20,0.6947,0.6636
28,VirtualLoss,5000,3,41,1,1,59,30,1.0341,0.8549
28,VirtualLoss,5000,3,42,0,1,56,28,0.9566,0.9062
28,VirtualLoss,5000,3,43,1,0,48,24,0.7858,0.6777
28,VirtualLoss,5000,3,44,0,0,47,23,0.7035,0.6411
28,VirtualLoss,5000,3,45,1,1,43,22,0.7063,0.5817
28,VirtualLoss,5000,3,46,0,0,51,25,0.7796,0.6935
28,VirtualLoss,5000,3,47,1,1,43,22,0.8193,0.6768
28,VirtualLoss,5000,3,48,0,0,45,22,0.7736,0.6583
28,VirtualLoss,5000,3,49,1,1,51,26,0.9254,0.7154
28,VirtualLoss,5000,3,50,0,0,59,29,1.0295,0.9579
28,VirtualLoss,5000,3,51,1,0,42,21,1.0960,0.8799
28,VirtualLoss,5000,3,52,0,1,46,23,1.0032,0.8707
28,VirtualLoss,5000,3,53,1,1,35,18,0.8633,0.6660
28,VirtualLoss,5000,3,54,0,0,45,22,0.7396,0.6593
28,VirtualLoss,5000,3,55,1,1,49,25,0.8638,0.7111
28,VirtualLoss,5000,3,56,0,1,48,24,0.8658,0.7101
28,VirtualLoss,5000,3,57,1,0,52,26,0.8366,0.6811
28,VirtualLoss,5000,3,58,0,1,48,24,0.8274,0.7380
28,VirtualLoss,5000,3,59,1,0,50,25,0.8923,0.7578
28,VirtualLoss,5000,3,60,0,1,34,17,0.6721,0.6054
28,VirtualLoss,5000,3,61,1,0,38,19,0.7546,0.7086
28,VirtualLoss,5000,3,62,0,0,57,28,0.9431,0.8415
28,VirtualLoss,5000,3,63,1,1,27,14,0.5226,0.3622
28,VirtualLoss,5000,3,64,0,1,60,30,0.9179,0.7620
28,VirtualLoss,5000,3,65,1,1,57,29,0.8869,0.7334
28,VirtualLoss,5000,3,66,0,0,39,19,0.6327,0.5774
28,VirtualLoss,5000,3,67,1,1,53,27,1.0612,0.8596
28,VirtualLoss,5000,3,68,0,0,49,24,0.9781,0.9158
28,VirtualLoss,5000,3,69,1,1,41,21,0.8959,0.7686
28,VirtualLoss,5000,3,70,0,0,45,22,0.8856,0.7637
28,VirtualLoss,5000,3,71,1,0,40,20,0.7760,0.7147
28,VirtualLoss,5000,3,72,0,1,46,23,1.0120,0.9517
28,VirtualLoss,5000,3,73,1,0,50,25,1.6547,1.4181
28,VirtualLoss,5000,3,74,0,1,40,20,1.6967,1.7254
28,VirtualLoss,5000,3,75,1,0,44,22,2.2257,2.0787
28,VirtualLoss,5000,3,76,0,0,55,27,1.3328,1.2318
28,VirtualLoss,5000,3,77,1,0,38,19,0.8203,0.7841
28,VirtualLoss,5000,3,78,0,1,36,18,0.6932,0.6374
28,VirtualLoss,5000,3,79,1,0,42,21,0.7228,0.6237
28,VirtualLoss,5000,3,80,0,1,58,29,0.8976,0.8278
28,VirtualLoss,5000,3,81,1,0,50,25,0.8225,0.7050
28,VirtualLoss,5000,3,82,0,0,53,26,0.8481,0.7591
28,VirtualLoss,5000,3,83,1,0,40,20,0.7018,0.5856
28,VirtualLoss,5000,3,84,0,1,36,18,0.7230,0.6605
28,VirtualLoss,5000,3,85,1,1,49,25,1.0541,0.9121
28,VirtualLoss,5000,3,86,0,1,52,26,1.0586,0.8920
28,VirtualLoss,5000,3,87,1,0,54,27,0.9381,0.8180
28,VirtualLoss,5000,3,88,0,0,63,31,0.9922,0.8909
28,VirtualLoss,5000,3,89,1,0,34,17,0.9905,0.8997
28,VirtualLoss,5000,3,90,0,1,64,32,0.9327,0.8040
28,VirtualLoss,5000,3,91,1,1,49,25,0.8413,0.6946
28,VirtualLoss,5000,3,92,0,1,48,24,0.8335,0.7385
28,VirtualLoss,5000,3,93,1,0,46,23,0.8124,0.6804
28,VirtualLoss,5000,3,94,0,1,40,20,0.7634,0.7548
28,VirtualLoss,5000,3,95,1,1,49,25,0.8045,0.6249
28,VirtualLoss,5000,3,96,0,0,47,23,0.7725,0.7039
28,VirtualLoss,5000,3,97,1,0,50,25,0.8811,0.7616
28,VirtualLoss,5000,3,98,0,1,50,25,0.7852,0.6527
28,VirtualLoss,5000,3,99,1,1,59,30,0.9477,0.7942
28,VirtualLoss,5000,3,100,0,1,48,24,0.8869,0.7401
29,VirtualLoss,5000,4,1,1,0,58,29,0.9046,0.9010
29,VirtualLoss,5000,4,2,0,1,54,27,0.7271,0.7115
29,VirtualLoss,5000,4,3,1,1,31,16,0.4578,0.4234
29,VirtualLoss,5000,4,4,0,0,39,19,0.4921,0.5261
29,VirtualLoss,5000,4,5,1,1,47,24,0.6486,0.6128
29,VirtualLoss,5000,4,6,0,0,51,25,0.6098,0.6312
29,VirtualLoss,5000,4,7,1,1,41,21,0.5645,0.5321
29,VirtualLoss,5000,4,8,0,1,28,14,0.3812,0.3769
29,VirtualLoss,5000,4,9,1,0,46,23,0.5958,0.5903
29,VirtualLoss,5000,4,10,0,0,39,19,0.5051,0.5414
29,VirtualLoss,5000,4,11,1,0,42,21,0.6080,0.5990
29,VirtualLoss,5000,4,12,0,0,41,20,0.7052,0.7437
29,VirtualLoss,5000,4,13,1,1,55,28,0.9828,0.9361
29,VirtualLoss,5000,4,14,0,0,49,24,0.9013,0.9386
29,VirtualLoss,5000,4,15,1,0,62,31,0.9222,0.9057
29,VirtualLoss,5000,4,16,0,0,39,19,0.5347,0.5669
29,VirtualLoss,5000,4,17,1,1,51,26,0.8435,0.8017
29,VirtualLoss,5000,4,18,0,0,43,21,0.5935,0.6170
29,VirtualLoss,5000,4,19,1,1,51,26,0.8768,0.8424
29,VirtualLoss,5000,4,20,0,0,71,35,0.9217,0.9307
29,VirtualLoss,5000,4,21,1,1,45,23,0.6464,0.6196
29,VirtualLoss,5000,4,22,0,1,44,22,0.5759,0.5848
29,VirtualLoss,5000,4,23,1,0,42,21,0.5807,0.5831
29,VirtualLoss,5000,4,24,0,0,55,27,0.6971,0.7239
29,VirtualLoss,5000,4,25,1,1,39,20,0.5396,0.5056
29,VirtualLoss,5000,4,26,0,1,42,21,0.5464,0.5593
29,VirtualLoss,5000,4,27,1,0,50,25,0.6217,0.6178
29,VirtualLoss,5000,4,28,0,0,63,31,0.7095,0.7520
29,VirtualLoss,5000,4,29,1,1,35,18,0.5084,0.4767
29,VirtualLoss,5000,4,30,0,0,43,21,0.5563,0.5846
29,VirtualLoss,5000,4,31,1,1,63,32,0.7113,0.6884
29,VirtualLoss,5000,4,32,0,1,46,23,0.5929,0.5943
29,VirtualLoss,5000,4,33,1,0,46,23,0.5727,0.5643
29,VirtualLoss,5000,4,34,0,0,35,17,0.4671,0.5021
29,VirtualLoss,5000,4,35,1,0,46,23,0.6870,0.6877
29,VirtualLoss,5000,4,36,0,0,55,27,0.6530,0.6810
29,VirtualLoss,5000,4,37,1,0,44,22,0.5767,0.5675
29,VirtualLoss,5000,4,38,0,1,40,20,0.5317,0.5279
29,VirtualLoss,5000,4,39,1,1,37,19,0.5139,0.4831
29,VirtualLoss,5000,4,40,0,1,38,19,0.6118,0.6021
29,VirtualLoss,5000,4,41,1,1,35,18,0.6736,0.6292
29,VirtualLoss,5000,4,42,0,0,49,24,0.6761,0.7049
29,VirtualLoss,5000,4,43,1,1,61,31,0.7108,0.7059
29,VirtualLoss,5000,4,44,0,1,56,28,0.7007,0.6943
29,VirtualLoss,5000,4,45,1,1,53,27,0.6641,0.6480
29,VirtualLoss,5000,4,46,0,1,44,22,0.5916,0.5929
29,VirtualLoss,5000,4,47,1,0,48,24,0.6272,0.6246
29,VirtualLoss,5000,4,48,0,1,54,27,0.6926,0.6929
29,VirtualLoss,5000,4,49,1,0,54,27,0.6834,0.6799
29,VirtualLoss,5000,4,50,0,0,37,18,0.4977,0.5321
29,VirtualLoss,5000,4,51,1,1,41,21,0.5735,0.5466
29,VirtualLoss,5000,4,52,0,0,65,32,0.8712,0.8593
29,VirtualLoss,5000,4,53,1,0,40,20,0.5785,0.5674
29,VirtualLoss,5000,4,54,0,0,43,21,0.5742,0.6033
29,VirtualLoss,5000,4,55,1,0,46,23,0.6227,0.6136
29,VirtualLoss,5000,4,56,0,1,38,19,0.5315,0.5364
29,VirtualLoss,5000,4,57,1,0,48,24,0.6309,0.6203
29,VirtualLoss,5000,4,58,0,0,45,22,0.5845,0.6116
29,VirtualLoss,5000,4,59,1,1,39,20,0.5401,0.5115
29,VirtualLoss,5000,4,60,0,0,31,15,0.4206,0.4518
29,VirtualLoss,5000,4,61,1,0,50,25,0.7221,0.7019
29,VirtualLoss,5000,4,62,0,1,50,25,0.6654,0.6613
29,VirtualLoss,5000,4,63,1,1,37,19,0.5957,0.5499
29,VirtualLoss,5000,4,64,0,1,42,21,0.5612,0.5647
29,VirtualLoss,5000,4,65,1,1,51,26,0.6662,0.6281
29,VirtualLoss,5000,4,66,0,1,46,23,0.6337,0.6333
29,VirtualLoss,5000,4,67,1,0,50,25,0.6302,0.6118
29,VirtualLoss,5000,4,68,0,1,40,20,0.5439,0.5453
29,VirtualLoss,5000,4,69,1,0,48,24,0.6322,0.6201
29,VirtualLoss,5000,4,70,0,1,54,27,0.6702,0.6712
29,VirtualLoss,5000,4,71,1,1,43,22,0.5858,0.5588
29,VirtualLoss,5000,4,72,0,1,52,26,0.6119,0.6126
29,VirtualLoss,5000,4,73,1,1,41,21,0.5642,0.5336
29,VirtualLoss,5000,4,74,0,0,39,19,0.5168,0.5519
29,VirtualLoss,5000,4,75,1,1,51,26,0.6487,0.6208
29,VirtualLoss,5000,4,76,0,1,52,26,0.6540,0.6599
29,VirtualLoss,5000,4,77,1,0,46,23,0.6570,0.6829
29,VirtualLoss,5000,4,78,0,1,44,22,0.5809,0.5725
29,VirtualLoss,5000,4,79,1,1,33,17,0.4689,0.4364
29,VirtualLoss,5000,4,80,0,1,32,16,0.4422,0.4473
29,VirtualLoss,5000,4,81,1,1,31,16,0.4242,0.3946
29,VirtualLoss,5000,4,82,0,0,45,22,0.5620,0.5848
29,VirtualLoss,5000,4,83,1,1,59,30,0.7258,0.6962
29,VirtualLoss,5000,4,84,0,0,67,33,0.7437,0.7616
29,VirtualLoss,5000,4,85,1,1,61,31,0.7298,0.7084
29,VirtualLoss,5000,4,86,0,1,46,23,0.6241,0.6233
29,VirtualLoss,5000,4,87,1,0,40,20,0.6038,0.5948
29,VirtualLoss,5000,4,88,0,0,45,22,0.6169,0.6433
29,VirtualLoss,5000,4,89,1,0,58,29,0.6559,0.6607
29,VirtualLoss,5000,4,90,0,1,52,26,0.6819,0.6813
29,VirtualLoss,5000,4,91,1,1,35,18,0.5424,0.5020
29,VirtualLoss,5000,4,92,0,1,40,20,0.5341,0.5512
29,VirtualLoss,5000,4,93,1,0,62,31,0.7659,0.7627
29,VirtualLoss,5000,4,94,0,1,58,29,0.7099,0.7468
29,VirtualLoss,5000,4,95,1,1,51,26,0.6296,0.6062
29,VirtualLoss,5000,4,96,0,1,32,16,0.4582,0.4631
29,VirtualLoss,5000,4,97,1,1,61,31,0.8951,0.8724
29,VirtualLoss,5000,4,98,0,0,31,15,0.4416,0.4710
29,VirtualLoss,5000,4,99,1,0,62,31,0.6546,0.6455
29,VirtualLoss,5000,4,100,0,1,40,20,0.5488,0.5467
30,Task,5000,2,1,1,1,43,22,1.0837,0.5658
30,Task,5000,2,2,0,0,49,24,1.1831,0.6945
30,Task,5000,2,3,1,0,40,20,0.9889,0.5394
30,Task,5000,2,4,0,1,50,25,1.1956,0.6721
30,Task,5000,2,5,1,1,35,18,0.9457,0.5315
30,Task,5000,2,6,0,0,29,14,0.7168,0.4257
30,Task,5000,2,7,1,0,40,20,1.0379,0.6758
30,Task,5000,2,8,0,0,39,19,0.9552,0.5888
30,Task,5000,2,9,1,1,37,19,0.9624,0.5072
30,Task,5000,2,10,0,1,52,26,1.1628,0.6436
30,Task,5000,2,11,1,0,52,26,1.1553,0.6493
30,Task,5000,2,12,0,1,56,28,1.2498,0.6727
30,Task,5000,2,13,1,1,53,27,1.2662,0.6622
30,Task,5000,2,14,0,0,39,19,0.9449,0.5565
30,Task,5000,2,15,1,1,49,25,1.2205,0.7518
30,Task,5000,2,16,0,0,53,26,1.2712,0.8152
30,Task,5000,2,17,1,0,36,18,0.9183,0.5115
30,Task,5000,2,18,0,0,45,22,1.0508,0.5911
30,Task,5000,2,19,1,0,42,21,1.0994,0.6491
30,Task,5000,2,20,0,0,35,17,0.8739,0.6108
30,Task,5000,2,21,1,0,38,19,0.9800,0.5594
30,Task,5000,2,22,0,0,67,33,1.3630,0.7949
30,Task,5000,2,23,1,1,41,21,1.1046,0.6043
30,Task,5000,2,24,0,0,41,20,1.0386,0.6148
30,Task,5000,2,25,1,1,55,28,1.2566,0.7180
30,Task,5000,2,26,0,0,49,24,1.1520,0.6882
30,Task,5000,2,27,1,1,41,21,1.0701,0.6463
30,Task,5000,2,28,0,1,54,27,1.2985,0.7874
30,Task,5000,2,29,1,0,66,33,1.5085,0.9580
30,Task,5000,2,30,0,0,39,19,1.0333,0.6856
30,Task,5000,2,31,1,0,52,26,1.3206,0.7947
30,Task,5000,2,32,0,1,48,24,1.3899,0.9237
30,Task,5000,2,33,1,0,48,24,1.2827,0.8239
30,Task,5000,2,34,0,0,61,30,1.4895,0.9930
30,Task,5000,2,35,1,0,48,24,1.6075,1.1158
30,Task,5000,2,36,0,0,53,26,1.3253,0.8417
30,Task,5000,2,37,1,1,63,32,1.4536,0.9170
30,Task,5000,2,38,0,0,43,21,1.1757,0.8199
30,Task,5000,2,39,1,1,55,28,1.3482,0.8214
30,Task,5000,2,40,0,1,38,19,1.0376,0.6570
30,Task,5000,2,41,1,0,42,21,1.0922,0.6738
30,Task,5000,2,42,0,0,43,21,1.0576,0.6833
30,Task,5000,2,43,1,1,31,16,0.9100,0.5776
30,Task,5000,2,44,0,1,66,33,1.5091,0.9924
30,Task,5000,2,45,1,1,45,23,1.2166,0.7102
30,Task,5000,2,46,0,1,40,20,1.0996,0.7542
30,Task,5000,2,47,1,0,42,21,1.1841,0.8254
30,Task,5000,2,48,0,1,34,17,0.9893,0.5973
30,Task,5000,2,49,1,0,56,28,1.5235,1.0510
30,Task,5000,2,50,0,1,34,17,0.9072,0.5627
30,Task,5000,2,51,1,1,63,32,1.4281,0.8689
30,Task,5000,2,52,0,1,40,20,1.0296,0.6378
30,Task,5000,2,53,1,1,41,21,1.0927,0.6688
30,Task,5000,2,54,0,0,37,18,1.0189,0.7147
30,Task,5000,2,55,1,0,54,27,1.2695,0.7138
30,Task,5000,2,56,0,1,48,24,1.2132,0.7140
30,Task,5000,2,57,1,0,44,22,1.3403,0.8157
30,Task,5000,2,58,0,1,50,25,1.2210,0.6850
30,Task,5000,2,59,1,1,61,31,1.3964,0.8008
30,Task,5000,2,60,0,0,37,18,0.9552,0.6436
30,Task,5000,2,61,1,1,51,26,1.3519,0.8341
30,Task,5000,2,62,0,1,44,22,1.1343,0.6812
30,Task,5000,2,63,1,0,54,27,1.2869,0.7450
30,Task,5000,2,64,0,1,50,25,1.2263,0.7294
30,Task,5000,2,65,1,0,38,19,1.0397,0.6334
30,Task,5000,2,66,0,0,55,27,1.3181,0.8969
30,Task,5000,2,67,1,1,51,26,1.3837,0.9148
30,Task,5000,2,68,0,0,43,21,1.1095,0.8503
30,Task,5000,2,69,1,0,58,29,1.3941,0.7827
30,Task,5000,2,70,0,1,50,25,1.2331,0.7473
30,Task,5000,2,71,1,0,48,24,1.1638,0.6696
30,Task,5000,2,72,0,0,31,15,0.8201,0.5124
30,Task,5000,2,73,1,1,53,27,1.2931,0.7432
30,Task,5000,2,74,0,0,39,19,1.0493,0.6772
30,Task,5000,2,75,1,1,59,30,1.3714,0.8386
30,Task,5000,2,76,0,1,32,16,0.8995,0.5581
30,Task,5000,2,77,1,1,43,22,1.1423,0.6726
30,Task,5000,2,78,0,0,49,24,1.1903,0.7401
30,Task,5000,2,79,1,1,43,22,1.1194,0.6452
30,Task,5000,2,80,0,1,42,21,1.0221,0.6018
30,Task,5000,2,81,1,0,42,21,1.0429,0.6048
30,Task,5000,2,82,0,1,52,26,1.2514,0.7231
30,Task,5000,2,83,1,1,51,26,1.2792,0.7358
30,Task,5000,2,84,0,0,67,33,1.4941,1.0071
30,Task,5000,2,85,1,1,53,27,1.3060,0.9099
30,Task,5000,2,86,0,1,44,22,1.1711,0.8491
30,Task,5000,2,87,1,0,42,21,1.0742,0.7784
30,Task,5000,2,88,0,0,57,28,1.5555,1.0771
30,Task,5000,2,89,1,1,51,26,1.2729,0.7686
30,Task,5000,2,90,0,0,25,12,0.6409,0.4399
30,Task,5000,2,91,1,1,51,26,1.5338,1.0263
30,Task,5000,2,92,0,0,29,14,1.1732,1.0312
30,Task,5000,2,93,1,1,35,18,1.5908,1.3004
30,Task,5000,2,94,0,0,43,21,1.5580,1.3805
30,Task,5000,2,95,1,1,59,30,1.4654,0.9005
30,Task,5000,2,96,0,1,48,24,1.1899,0.7248
30,Task,5000,2,97,1,0,48,24,1.2638,0.7419
30,Task,5000,2,98,0,1,44,22,1.1135,0.6642
30,Task,5000,2,99,1,0,46,23,1.1522,0.6793
30,Task,5000,2,100,0,0,37,18,0.9771,0.6073
31,Task,5000,3,1,1,0,38,19,0.7175,0.6125
31,Task,5000,3,2,0,0,41,20,0.7242,0.6154
31,Task,5000,3,3,1,1,33,17,0.6154,0.4566
31,Task,5000,3,4,0,0,43,21,0.7384,0.6945
31,Task,5000,3,5,1,1,53,27,0.9128,0.6899
31,Task,5000,3,6,0,0,39,19,0.6678,0.6230
31,Task,5000,3,7,1,0,34,17,0.6749,0.5619
31,Task,5000,3,8,0,0,39,19,0.7148,0.6625
31,Task,5000,3,9,1,0,40,20,0.7201,0.5580
31,Task,5000,3,10,0,0,47,23,0.7990,0.6621
31,Task,5000,3,11,1,1,49,25,0.8980,0.7498
31,Task,5000,3,12,0,0,49,24,0.8410,0.7394
31,Task,5000,3,13,1,1,47,24,0.8836,0.7263
31,Task,5000,3,14,0,1,48,24,0.8120,0.6325
31,Task,5000,3,15,1,1,37,19,0.7022,0.5284
31,Task,5000,3,16,0,0,65,32,0.9254,0.7446
31,Task,5000,3,17,1,0,60,30,0.9764,0.8041
31,Task,5000,3,18,0,1,34,17,0.6576,0.5904
31,Task,5000,3,19,1,0,42,21,0.7453,0.7866
31,Task,5000,3,20,0,1,36,18,0.7184,0.6631
31,Task,5000,3,21,1,0,34,17,0.6261,0.6359
31,Task,5000,3,22,0,0,47,23,0.9499,0.9040
31,Task,5000,3,23,1,1,33,17,0.6409,0.6411
31,Task,5000,3,24,0,1,44,22,0.7872,0.8346
31,Task,5000,3,25,1,1,45,23,0.8295,0.6324
31,Task,5000,3,26,0,1,40,20,0.7286,0.6219
31,Task,5000,3,27,1,1,45,23,0.8026,0.6705
31,Task,5000,3,28,0,0,51,25,0.8470,0.7484
31,Task,5000,3,29,1,1,47,24,0.8549,0.7172
31,Task,5000,3,30,0,1,38,19,0.7368,0.6321
31,Task,5000,3,31,1,0,28,14,0.5316,0.4365
31,Task,5000,3,32,0,1,36,18,0.6609,0.6097
31,Task,5000,3,33,1,1,35,18,0.7557,0.6479
31,Task,5000,3,34,0,0,47,23,0.7779,0.6475
31,Task,5000,3,35,1,0,36,18,0.6338,0.5379
31,Task,5000,3,36,0,0,47,23,0.7878,0.7314
31,Task,5000,3,37,1,0,68,34,1.0743,0.9400
31,Task,5000,3,38,0,1,40,20,0.7300,0.6484
31,Task,5000,3,39,1,0,42,21,0.7861,0.6621
31,Task,5000,3,40,0,0,39,19,0.6510,0.6045
31,Task,5000,3,41,1,1,31,16,0.5752,0.4248
31,Task,5000,3,42,0,0,61,30,0.8854,0.7635
31,Task,5000,3,43,1,0,48,24,0.8246,0.6619
31,Task,5000,3,44,0,1,52,26,0.8646,0.7162
31,Task,5000,3,45,1,1,43,22,0.7999,0.6058
31,Task,5000,3,46,0,0,41,20,0.6985,0.5936
31,Task,5000,3,47,1,0,38,19,0.7965,0.7301
31,Task,5000,3,48,0,0,55,27,1.0228,0.9756
31,Task,5000,3,49,1,1,55,28,1.2068,1.0305
31,Task,5000,3,50,0,0,29,14,0.5439,0.5140
31,Task,5000,3,51,1,0,36,18,0.6830,0.5894
31,Task,5000,3,52,0,1,46,23,0.9898,0.9027
31,Task,5000,3,53,1,1,53,27,0.9410,0.7696
31,Task,5000,3,54,0,1,58,29,1.1449,1.0019
31,Task,5000,3,55,1,1,47,24,0.8334,0.6450
31,Task,5000,3,56,0,0,29,14,0.5453,0.5274
31,Task,5000,3,57,1,1,67,34,1.3304,1.1126
31,Task,5000,3,58,0,0,35,17,0.8156,0.7965
31,Task,5000,3,59,1,0,42,21,0.8584,0.8315
31,Task,5000,3,60,0,0,51,25,1.0025,0.8938
31,Task,5000,3,61,1,0,42,21,0.8271,0.7236
31,Task,5000,3,62,0,1,54,27,0.9559,0.8420
31,Task,5000,3,63,1,1,57,29,1.0127,0.8529
31,Task,5000,3,64,0,1,62,31,1.0210,0.8870
31,Task,5000,3,65,1,0,34,17,0.6128,0.5332
31,Task,5000,3,66,0,0,47,23,0.8461,0.7894
31,Task,5000,3,67,1,1,47,24,0.9090,0.7123
31,Task,5000,3,68,0,1,52,26,0.8965,0.7720
31,Task,5000,3,69,1,1,39,20,0.7571,0.5969
31,Task,5000,3,70,0,0,51,25,0.8964,0.8526
31,Task,5000,3,71,1,1,43,22,0.9286,0.7934
31,Task,5000,3,72,0,0,37,18,0.6507,0.6114
31,Task,5000,3,73,1,0,50,25,0.8429,0.6646
31,Task,5000,3,74,0,1,52,26,0.9292,0.8321
31,Task,5000,3,75,1,0,44,22,0.7893,0.7031
31,Task,5000,3,76,0,0,47,23,0.7958,0.6554
31,Task,5000,3,77,1,0,52,26,0.8802,0.7190
31,Task,5000,3,78,0,1,32,16,0.5625,0.4616
31,Task,5000,3,79,1,0,42,21,0.7167,0.6077
31,Task,5000,3,80,0,0,43,21,0.7135,0.5769
31,Task,5000,3,81,1,1,45,23,0.7164,0.5575
31,Task,5000,3,82,0,0,39,19,0.6640,0.5577
31,Task,5000,3,83,1,1,49,25,0.8533,0.6589
31,Task,5000,3,84,0,0,51,25,0.8332,0.7553
31,Task,5000,3,85,1,0,45,23,0.8102,0.5884
31,Task,5000,3,86,0,0,59,29,0.8806,0.7599
31,Task,5000,3,87,1,1,51,26,0.8490,0.6559
31,Task,5000,3,88,0,0,33,16,0.5863,0.5043
31,Task,5000,3,89,1,0,54,27,0.9035,0.6849
31,Task,5000,3,90,0,1,66,33,1.0364,0.8667
31,Task,5000,3,91,1,0,44,22,0.7438,0.6178
31,Task,5000,3,92,0,1,40,20,0.7021,0.5995
31,Task,5000,3,93,1,0,48,24,0.8102,0.6234
31,Task,5000,3,94,0,0,47,23,0.7665,0.6553
31,Task,5000,3,95,1,0,60,30,0.9301,0.7427
31,Task,5000,3,96,0,1,46,23,0.8026,0.7291
31,Task,5000,3,97,1,1,47,24,0.8492,0.6945
31,Task,5000,3,98,0,0,59,29,0.9115,0.8176
31,Task,5000,3,99,1,1,39,20,0.7254,0.5885
31,Task,5000,3,100,0,0,49,24,0.7812,0.6807
32,Task,5000,4,1,1,0,34,17,0.4758,0.4794
32,Task,5000,4,2,0,0,47,23,0.6250,0.6697
32,Task,5000,4,3,1,0,46,23,0.6213,0.6379
32,Task,5000,4,4,0,1,38,19,0.5089,0.5482
32,Task,5000,4,5,1,0,44,22,0.5993,0.6076
32,Task,5000,4,6,0,0,37,18,0.4909,0.5193
32,Task,5000,4,7,1,1,63,32,0.8458,0.9684
32,Task,5000,4,8,0,1,42,21,0.6262,0.6672
32,Task,5000,4,9,1,0,40,20,0.6214,0.6819
32,Task,5000,4,10,0,0,59,29,0.7395,0.7821
32,Task,5000,4,11,1,1,33,17,0.5621,0.5937
32,Task,5000,4,12,0,0,43,21,0.7495,0.8596
32,Task,5000,4,13,1,0,38,19,0.6309,0.6928
32,Task,5000,4,14,0,1,36,18,0.5156,0.5314
32,Task,5000,4,15,1,1,53,27,0.7076,0.7092
32,Task,5000,4,16,0,0,35,17,0.4581,0.4842
32,Task,5000,4,17,1,1,43,22,0.6107,0.5760
32,Task,5000,4,18,0,0,37,18,0.4925,0.5223
32,Task,5000,4,19,1,0,58,29,0.7883,0.8299
32,Task,5000,4,20,0,0,37,18,0.5404,0.5944
32,Task,5000,4,21,1,1,49,25,0.6870,0.6546
32,Task,5000,4,22,0,1,40,20,0.6172,0.6678
32,Task,5000,4,23,1,1,49,25,0.6793,0.6786
32,Task,5000,4,24,0,0,49,24,0.6270,0.6774
32,Task,5000,4,25,1,0,60,30,0.7143,0.7083
32,Task,5000,4,26,0,1,48,24,0.6144,0.6389
32,Task,5000,4,27,1,0,66,33,0.7430,0.7413
32,Task,5000,4,28,0,1,44,22,0.6207,0.6842
32,Task,5000,4,29,1,1,37,19,0.5430,0.5225
32,Task,5000,4,30,0,0,49,24,0.6494,0.7050
32,Task,5000,4,31,1,0,40,20,0.5464,0.5486
32,Task,5000,4,32,0,0,51,25,0.6345,0.6802
32,Task,5000,4,33,1,1,37,19,0.5621,0.5899
32,Task,5000,4,34,0,0,47,23,0.6130,0.6618
32,Task,5000,4,35,1,1,47,24,0.6426,0.6370
32,Task,5000,4,36,0,0,35,17,0.4680,0.4986
32,Task,5000,4,37,1,1,33,17,0.4797,0.4476
32,Task,5000,4,38,0,0,41,20,0.5547,0.5928
32,Task,5000,4,39,1,1,43,22,0.6092,0.5927
32,Task,5000,4,40,0,0,57,28,0.7007,0.7446
32,Task,5000,4,41,1,0,42,21,0.5600,0.5705
32,Task,5000,4,42,0,0,51,25,0.6286,0.6634
32,Task,5000,4,43,1,1,53,27,0.6480,0.6345
32,Task,5000,4,44,0,1,22,11,0.3392,0.3466
32,Task,5000,4,45,1,0,48,24,0.5944,0.6032
32,Task,5000,4,46,0,1,58,29,0.7025,0.7042
32,Task,5000,4,47,1,0,36,18,0.5290,0.5280
32,Task,5000,4,48,0,0,57,28,0.7213,0.7794
32,Task,5000,4,49,1,0,44,22,0.7223,0.7533
32,Task,5000,4,50,0,1,44,22,0.6535,0.7076
32,Task,5000,4,51,1,0,44,22,0.7592,0.8703
32,Task,5000,4,52,0,0,47,23,0.6228,0.7170
32,Task,5000,4,53,1,0,48,24,0.6010,0.5842
32,Task,5000,4,54,0,0,47,23,0.5906,0.6193
32,Task,5000,4,55,1,1,37,19,0.5234,0.4953
32,Task,5000,4,56,0,1,66,33,0.7740,0.8103
32,Task,5000,4,57,1,0,56,28,0.7781,0.7956
32,Task,5000,4,58,0,0,63,31,0.7545,0.7622
32,Task,5000,4,59,1,0,44,22,0.5675,0.5573
32,Task,5000,4,60,0,0,41,20,0.5936,0.6938
32,Task,5000,4,61,1,0,52,26,0.6565,0.6499
32,Task,5000,4,62,0,1,36,18,0.5143,0.5222
32,Task,5000,4,63,1,1,47,24,0.6221,0.6069
32,Task,5000,4,64,0,1,42,21,0.5971,0.6403
32,Task,5000,4,65,1,0,68,34,0.8294,0.8262
32,Task,5000,4,66,0,0,49,24,0.7560,0.8785
32,Task,5000,4,67,1,1,43,22,0.6404,0.6216
32,Task,5000,4,68,0,0,57,28,0.6941,0.7548
32,Task,5000,4,69,1,0,52,26,0.6703,0.6716
32,Task,5000,4,70,0,0,73,36,0.7690,0.8004
32,Task,5000,4,71,1,1,47,24,0.6437,0.6327
32,Task,5000,4,72,0,1,56,28,0.7179,0.7497
32,Task,5000,4,73,1,1,53,27,0.7034,0.6985
32,Task,5000,4,74,0,0,41,20,0.5393,0.5797
32,Task,5000,4,75,1,1,89,45,0.8836,0.8960
32,Task,5000,4,76,0,0,47,23,0.6115,0.6425
32,Task,5000,4,77,1,0,46,23,0.5837,0.5868
32,Task,5000,4,78,0,0,33,16,0.4442,0.4821
32,Task,5000,4,79,1,0,34,17,0.4752,0.4890
32,Task,5000,4,80,0,0,67,33,0.7236,0.7685
32,Task,5000,4,81,1,0,56,28,0.7155,0.7494
32,Task,5000,4,82,0,1,48,24,0.6450,0.6512
32,Task,5000,4,83,1,0,50,25,0.6566,0.6769
32,Task,5000,4,84,0,0,57,28,0.7090,0.7581
32,Task,5000,4,85,1,0,60,30,0.7268,0.7402
32,Task,5000,4,86,0,1,56,28,0.7048,0.7218
32,Task,5000,4,87,1,1,45,23,0.6316,0.6354
32,Task,5000,4,88,0,0,51,25,0.6647,0.7242
32,Task,5000,4,89,1,0,58,29,0.6877,0.6774
32,Task,5000,4,90,0,1,44,22,0.6215,0.6415
32,Task,5000,4,91,1,0,32,16,0.4690,0.4723
32,Task,5000,4,92,0,0,31,15,0.4442,0.4771
32,Task,5000,4,93,1,1,43,22,0.5673,0.5476
32,Task,5000,4,94,0,0,73,36,0.8239,0.8890
32,Task,5000,4,95,1,0,38,19,0.5278,0.5309
32,Task,5000,4,96,0,0,51,25,0.6314,0.6964
32,Task,5000,4,97,1,1,43,22,0.5751,0.5567
32,Task,5000,4,98,0,0,69,34,0.7675,0.8078
32,Task,5000,4,99,1,1,69,35,0.7854,0.7722
32,Task,5000,4,100,0,0,51,25,0.6410,0.6666
33,Sequential,10000,1,1,1,1,41,21,4.2130,0.6659
33,Sequential,10000,1,2,0,1,38,19,3.6949,0.5573
33,Sequential,10000,1,3,1,0,50,25,4.7099,0.7601
33,Sequential,10000,1,4,0,1,28,14,2.9261,0.4392
33,Sequential,10000,1,5,1,1,29,15,3.1866,0.4843
33,Sequential,10000,1,6,0,1,40,20,3.9467,0.6900
33,Sequential,10000,1,7,1,1,33,17,3.6171,0.5320
33,Sequential,10000,1,8,0,1,40,20,3.9132,0.5832
33,Sequential,10000,1,9,1,1,25,13,2.7888,0.3928
33,Sequential,10000,1,10,0,1,44,22,4.3795,0.7546
33,Sequential,10000,1,11,1,1,39,20,4.0302,0.5694
33,Sequential,10000,1,12,0,0,37,18,3.5724,0.5723
33,Sequential,10000,1,13,1,1,47,24,4.7315,0.7130
33,Sequential,10000,1,14,0,1,32,16,3.2607,0.5785
33,Sequential,10000,1,15,1,0,56,28,4.9031,0.8186
33,Sequential,10000,1,16,0,1,46,23,4.5082,0.7051
33,Sequential,10000,1,17,1,1,45,23,4.7415,0.7807
33,Sequential,10000,1,18,0,1,28,14,3.1111,0.5657
33,Sequential,10000,1,19,1,1,29,15,3.3463,0.5252
33,Sequential,10000,1,20,0,1,40,20,3.9148,0.6836
33,Sequential,10000,1,21,1,1,47,24,4.6651,0.7329
33,Sequential,10000,1,22,0,1,40,20,4.2366,0.8048
33,Sequential,10000,1,23,1,1,25,13,2.7834,0.4330
33,Sequential,10000,1,24,0,1,36,18,3.7694,0.6152
33,Sequential,10000,1,25,1,1,49,25,4.9432,0.7810
33,Sequential,10000,1,26,0,0,43,21,4.1198,0.7497
33,Sequential,10000,1,27,1,1,33,17,3.3794,0.4578
33,Sequential,10000,1,28,0,1,36,18,3.7049,0.6242
33,Sequential,10000,1,29,1,1,49,25,4.6751,0.7302
33,Sequential,10000,1,30,0,1,30,15,3.0661,0.5565
33,Sequential,10000,1,31,1,1,43,22,4.3214,0.7080
33,Sequential,10000,1,32,0,1,40,20,3.9948,0.6664
33,Sequential,10000,1,33,1,1,37,19,3.8610,0.5943
33,Sequential,10000,1,34,0,1,24,12,2.5225,0.3936
33,Sequential,10000,1,35,1,1,41,21,4.2464,0.7017
33,Sequential,10000,1,36,0,1,70,35,5.9929,1.0184
33,Sequential,10000,1,37,1,1,37,19,3.9301,0.5903
33,Sequential,10000,1,38,0,1,52,26,5.0309,0.8745
33,Sequential,10000,1,39,1,0,50,25,4.9297,0.8662
33,Sequential,10000,1,40,0,1,38,19,3.8871,0.5287
33,Sequential,10000,1,41,1,1,41,21,4.1777,0.6822
33,Sequential,10000,1,42,0,0,41,20,3.9525,0.7168
33,Sequential,10000,1,43,1,1,37,19,3.8127,0.5745
33,Sequential,10000,1,44,0,1,28,14,2.9272,0.5204
33,Sequential,10000,1,45,1,1,31,16,3.3910,0.4978
33,Sequential,10000,1,46,0,1,26,13,2.7202,0.4108
33,Sequential,10000,1,47,1,1,35,18,3.7114,0.5229
33,Sequential,10000,1,48,0,0,39,19,3.8871,0.6984
33,Sequential,10000,1,49,1,0,56,28,5.2103,0.8508
33,Sequential,10000,1,50,0,1,34,17,3.4530,0.5564
33,Sequential,10000,1,51,1,1,33,17,3.4177,0.5414
33,Sequential,10000,1,52,0,1,40,20,4.1214,0.6304
33,Sequential,10000,1,53,1,1,31,16,3.3450,0.5356
33,Sequential,10000,1,54,0,1,38,19,3.7964,0.6634
33,Sequential,10000,1,55,1,0,58,29,5.1657,0.8769
33,Sequential,10000,1,56,0,1,38,19,3.9164,0.6311
33,Sequential,10000,1,57,1,1,41,21,4.1439,0.6514
33,Sequential,10000,1,58,0,1,34,17,3.5789,0.5552
33,Sequential,10000,1,59,1,1,37,19,3.8538,0.5769
33,Sequential,10000,1,60,0,1,32,16,3.3493,0.5853
33,Sequential,10000,1,61,1,1,25,13,2.7085,0.3609
33,Sequential,10000,1,62,0,1,50,25,4.6320,0.7871
33,Sequential,10000,1,63,1,1,39,20,4.0826,0.6788
33,Sequential,10000,1,64,0,1,38,19,3.8532,0.6622
33,Sequential,10000,1,65,1,1,37,19,3.9085,0.6383
33,Sequential,10000,1,66,0,1,38,19,3.9773,0.6905
33,Sequential,10000,1,67,1,1,23,12,2.6124,0.3675
33,Sequential,10000,1,68,0,0,35,17,3.5883,0.6265
33,Sequential,10000,1,69,1,1,37,19,3.8450,0.5583
33,Sequential,10000,1,70,0,1,44,22,4.4409,0.7840
33,Sequential,10000,1,71,1,0,48,24,4.6104,0.7488
33,Sequential,10000,1,72,0,1,36,18,3.6568,0.6439
33,Sequential,10000,1,73,1,1,35,18,3.7968,0.5634
33,Sequential,10000,1,74,0,1,32,16,3.5450,0.6080
33,Sequential,10000,1,75,1,1,41,21,4.3690,0.7001
33,Sequential,10000,1,76,0,1,60,30,5.5808,0.9612
33,Sequential,10000,1,77,1,1,35,18,3.8247,0.6529
33,Sequential,10000,1,78,0,0,49,24,4.4680,0.7759
33,Sequential,10000,1,79,1,1,25,13,2.8442,0.4701
33,Sequential,10000,1,80,0,1,34,17,3.4166,0.6029
33,Sequential,10000,1,81,1,0,44,22,4.5009,0.7911
33,Sequential,10000,1,82,0,1,36,18,3.5861,0.6320
33,Sequential,10000,1,83,1,0,42,21,4.1881,0.6014
33,Sequential,10000,1,84,0,1,36,18,3.6921,0.6458
33,Sequential,10000,1,85,1,0,68,34,5.7031,0.9072
33,Sequential,10000,1,86,0,1,32,16,3.3963,0.5700
33,Sequential,10000,1,87,1,1,41,21,4.1842,0.6186
33,Sequential,10000,1,88,0,0,39,19,3.7989,0.5738
33,Sequential,10000,1,89,1,1,41,21,4.1973,0.4963
33,Sequential,10000,1,90,0,0,71,35,5.5082,0.9089
33,Sequential,10000,1,91,1,1,41,21,4.0028,0.6057
33,Sequential,10000,1,92,0,1,42,21,4.1074,0.5551
33,Sequential,10000,1,93,1,1,39,20,3.8758,0.5782
33,Sequential,10000,1,94,0,1,32,16,3.1923,0.4819
33,Sequential,10000,1,95,1,1,31,16,3.2907,0.5042
33,Sequential,10000,1,96,0,1,32,16,3.2246,0.4732
33,Sequential,10000,1,97,1,0,30,15,3.0167,0.4565
33,Sequential,10000,1,98,0,1,32,16,3.1899,0.4661
33,Sequential,10000,1,99,1,0,40,20,4.0094,0.6041
33,Sequential,10000,1,100,0,1,40,20,3.8711,0.5690
34,Leaf,10000,2,1,1,1,37,19,2.2214,0.6056
34,Leaf,10000,2,2,0,0,43,21,2.4068,0.7199
34,Leaf,10000,2,3,1,1,31,16,1.8846,0.4911
34,Leaf,10000,2,4,0,1,30,15,1.8844,0.5664
34,Leaf,10000,2,5,1,0,38,19,2.2680,0.6290
34,Leaf,10000,2,6,0,1,34,17,2.0073,0.5438
34,Leaf,10000,2,7,1,1,39,20,2.4426,0.6690
34,Leaf,10000,2,8,0,1,30,15,1.8941,0.5551
34,Leaf,10000,2,9,1,1,23,12,1.5894,0.4521
34,Leaf,10000,2,10,0,1,48,24,2.6517,0.7429
34,Leaf,10000,2,11,1,1,51,26,2.7485,0.7417
34,Leaf,10000,2,12,0,1,34,17,2.0688,0.6275
34,Leaf,10000,2,13,1,1,39,20,2.2101,0.5949
34,Leaf,10000,2,14,0,1,32,16,1.8653,0.5041
34,Leaf,10000,2,15,1,1,47,24,2.3761,0.6078
34,Leaf,10000,2,16,0,1,40,20,2.2009,0.6407
34,Leaf,10000,2,17,1,1,45,23,2.5116,0.6688
34,Leaf,10000,2,18,0,1,38,19,2.2427,0.6322
34,Leaf,10000,2,19,1,0,44,22,2.4711,0.6913
34,Leaf,10000,2,20,0,1,56,28,2.9644,0.7913
34,Leaf,10000,2,21,1,1,35,18,2.0997,0.5857
34,Leaf,10000,2,22,0,1,40,20,2.2801,0.7110
34,Leaf,10000,2,23,1,1,33,17,1.9663,0.5361
34,Leaf,10000,2,24,0,1,40,20,2.1375,0.5957
34,Leaf,10000,2,25,1,1,35,18,2.1250,0.5476
34,Leaf,10000,2,26,0,1,28,14,1.6490,0.4347
34,Leaf,10000,2,27,1,1,37,19,2.3291,0.5680
34,Leaf,10000,2,28,0,0,63,31,3.1684,0.9336
34,Leaf,10000,2,29,1,1,43,22,2.6275,0.7409
34,Leaf,10000,2,30,0,1,50,25,2.6481,0.7287
34,Leaf,10000,2,31,1,1,35,18,2.1085,0.5751
34,Leaf,10000,2,32,0,1,38,19,2.2261,0.6024
34,Leaf,10000,2,33,1,0,66,33,3.2264,0.9392
34,Leaf,10000,2,34,0,1,32,16,1.8938,0.5952
34,Leaf,10000,2,35,1,1,39,20,2.3733,0.6382
34,Leaf,10000,2,36,0,0,69,34,3.1981,0.9188
34,Leaf,10000,2,37,1,1,53,27,2.6538,0.7647
34,Leaf,10000,2,38,0,1,56,28,2.9249,0.8265
34,Leaf,10000,2,39,1,1,35,18,2.0934,0.6155
34,Leaf,10000,2,40,0,1,36,18,2.1944,0.6437
34,Leaf,10000,2,41,1,1,47,24,2.6247,0.7002
34,Leaf,10000,2,42,0,0,39,19,2.1639,0.6691
34,Leaf,10000,2,43,1,0,52,26,2.7773,0.7145
34,Leaf,10000,2,44,0,1,24,12,1.4608,0.4472
34,Leaf,10000,2,45,1,1,45,23,2.5512,0.7077
34,Leaf,10000,2,46,0,1,36,18,2.0959,0.5705
34,Leaf,10000,2,47,1,1,29,15,1.8026,0.4838
34,Leaf,10000,2,48,0,1,54,27,2.7622,0.7547
34,Leaf,10000,2,49,1,1,31,16,1.9123,0.5168
34,Leaf,10000,2,50,0,0,49,24,2.5160,0.7906
34,Leaf,10000,2,51,1,1,33,17,1.9562,0.5370
34,Leaf,10000,2,52,0,1,28,14,1.6709,0.4409
34,Leaf,10000,2,53,1,1,35,18,2.0993,0.6400
34,Leaf,10000,2,54,0,1,26,13,1.5527,0.4691
34,Leaf,10000,2,55,1,1,45,23,2.5031,0.6561
34,Leaf,10000,2,56,0,0,47,23,2.3554,0.7245
34,Leaf,10000,2,57,1,1,39,20,2.2725,0.6001
34,Leaf,10000,2,58,0,1,34,17,1.9057,0.5293
34,Leaf,10000,2,59,1,0,38,19,2.1734,0.6251
34,Leaf,10000,2,60,0,1,34,17,2.0275,0.5749
34,Leaf,10000,2,61,1,1,51,26,2.8798,0.7857
34,Leaf,10000,2,62,0,1,46,23,2.5456,0.7211
34,Leaf,10000,2,63,1,1,25,13,1.6497,0.4979
34,Leaf,10000,2,64,0,1,30,15,1.7736,0.4805
34,Leaf,10000,2,65,1,1,43,22,2.5088,0.6773
34,Leaf,10000,2,66,0,1,30,15,1.7983,0.4658
34,Leaf,10000,2,67,1,1,51,26,2.7956,0.7843
34,Leaf,10000,2,68,0,1,40,20,2.2151,0.6434
34,Leaf,10000,2,69,1,1,43,22,2.5005,0.6675
34,Leaf,10000,2,70,0,0,37,18,1.9660,0.6113
34,Leaf,10000,2,71,1,1,35,18,2.0990,0.5390
34,Leaf,10000,2,72,0,1,36,18,2.0525,0.5649
34,Leaf,10000,2,73,1,0,38,19,2.0979,0.6223
34,Leaf,10000,2,74,0,1,38,19,2.1736,0.6609
34,Leaf,10000,2,75,1,1,37,19,2.1949,0.6192
34,Leaf,10000,2,76,0,1,46,23,2.5057,0.6820
34,Leaf,10000,2,77,1,1,39,20,2.2201,0.6150
34,Leaf,10000,2,78,0,1,36,18,2.0841,0.5909
34,Leaf,10000,2,79,1,0,76,38,3.4186,1.0108
34,Leaf,10000,2,80,0,1,44,22,2.4005,0.7550
34,Leaf,10000,2,81,1,1,53,27,2.7784,0.6747
34,Leaf,10000,2,82,0,1,42,21,2.2710,0.6718
34,Leaf,10000,2,83,1,1,37,19,2.1617,0.6356
34,Leaf,10000,2,84,0,1,52,26,2.6992,0.7909
34,Leaf,10000,2,85,1,1,31,16,1.8195,0.4285
34,Leaf,10000,2,86,0,1,36,18,2.0493,0.5008
34,Leaf,10000,2,87,1,1,39,20,2.2511,0.6639
34,Leaf,10000,2,88,0,0,45,22,2.3564,0.7232
34,Leaf,10000,2,89,1,0,44,22,2.3760,0.6213
34,Leaf,10000,2,90,0,0,47,23,2.4692,0.6427
34,Leaf,10000,2,91,1,1,47,24,2.5441,0.6937
34,Leaf,10000,2,92,0,1,42,21,2.3551,0.6634
34,Leaf,10000,2,93,1,0,68,34,3.1785,0.8694
34,Leaf,10000,2,94,0,1,36,18,2.0555,0.5008
34,Leaf,10000,2,95,1,0,50,25,2.7100,0.7964
34,Leaf,10000,2,96,0,1,28,14,1.6368,0.4952
34,Leaf,10000,2,97,1,1,47,24,2.6712,0.7440
34,Leaf,10000,2,98,0,1,52,26,2.7239,0.6978
34,Leaf,10000,2,99,1,1,45,23,2.5039,0.6132
34,Leaf,10000,2,100,0,1,32,16,1.8425,0.5149
35,Leaf,10000,3,1,1,1,53,27,1.8988,0.6987
35,Leaf,10000,3,2,0,1,46,23,1.8182,0.6220
35,Leaf,10000,3,3,1,1,39,20,1.6561,0.5463
35,Leaf,10000,3,4,0,0,43,21,1.6090,0.5864
35,Leaf,10000,3,5,1,1,31,16,1.3298,0.4372
35,Leaf,10000,3,6,0,1,38,19,1.4860,0.5477
35,Leaf,10000,3,7,1,1,35,18,1.4385,0.4533
35,Leaf,10000,3,8,0,1,50,25,1.8481,0.6950
35,Leaf,10000,3,9,1,0,42,21,1.6250,0.5424
35,Leaf,10000,3,10,0,0,59,29,1.9876,0.6909
35,Leaf,10000,3,11,1,1,29,15,1.2855,0.4298
35,Leaf,10000,3,12,0,1,38,19,1.5212,0.5870
35,Leaf,10000,3,13,1,1,43,22,1.6766,0.5439
35,Leaf,10000,3,14,0,1,40,20,1.5923,0.5624
35,Leaf,10000,3,15,1,1,35,18,1.5254,0.6009
35,Leaf,10000,3,16,0,1,32,16,1.2923,0.4496
35,Leaf,10000,3,17,1,1,33,17,1.3838,0.4554
35,Leaf,10000,3,18,0,0,57,28,2.0449,0.7510
35,Leaf,10000,3,19,1,1,37,19,1.5052,0.5423
35,Leaf,10000,3,20,0,0,43,21,1.6654,0.6169
35,Leaf,10000,3,21,1,1,39,20,1.5966,0.5788
35,Leaf,10000,3,22,0,1,46,23,1.7699,0.7113
35,Leaf,10000,3,23,1,1,33,17,1.4068,0.4973
35,Leaf,10000,3,24,0,1,50,25,1.8256,0.6652
35,Leaf,10000,3,25,1,1,31,16,1.3323,0.4626
35,Leaf,10000,3,26,0,1,32,16,1.3039,0.5219
35,Leaf,10000,3,27,1,1,43,22,1.6628,0.5714
35,Leaf,10000,3,28,0,1,34,17,1.3126,0.4549
35,Leaf,10000,3,29,1,1,33,17,1.3484,0.4019
35,Leaf,10000,3,30,0,1,32,16,1.2800,0.4289
35,Leaf,10000,3,31,1,1,45,23,1.6938,0.5764
35,Leaf,10000,3,32,0,1,36,18,1.4368,0.5449
35,Leaf,10000,3,33,1,1,35,18,1.4449,0.4632
35,Leaf,10000,3,34,0,1,38,19,1.5049,0.5637
35,Leaf,10000,3,35,1,1,31,16,1.3385,0.4669
35,Leaf,10000,3,36,0,1,38,19,1.5165,0.5524
35,Leaf,10000,3,37,1,1,31,16,1.2698,0.4045
35,Leaf,10000,3,38,0,1,42,21,1.6219,0.5750
35,Leaf,10000,3,39,1,1,41,21,1.6902,0.6313
35,Leaf,10000,3,40,0,1,64,32,2.2748,0.8640
35,Leaf,10000,3,41,1,1,43,22,1.7131,0.6046
35,Leaf,10000,3,42,0,1,26,13,1.0702,0.3474
35,Leaf,10000,3,43,1,1,39,20,1.5625,0.5746
35,Leaf,10000,3,44,0,1,36,18,1.4293,0.5291
35,Leaf,10000,3,45,1,0,58,29,2.0554,0.7065
35,Leaf,10000,3,46,0,1,40,20,1.7194,0.6254
35,Leaf,10000,3,47,1,1,29,15,1.3447,0.4654
35,Leaf,10000,3,48,0,1,38,19,1.5773,0.5647
35,Leaf,10000,3,49,1,1,37,19,1.6379,0.6112
35,Leaf,10000,3,50,0,1,52,26,2.0416,0.7968
35,Leaf,10000,3,51,1,0,46,23,1.8187,0.7108
35,Leaf,10000,3,52,0,1,44,22,1.7486,0.6735
35,Leaf,10000,3,53,1,1,51,26,2.0043,0.7385
35,Leaf,10000,3,54,0,1,36,18,1.7159,0.6911
35,Leaf,10000,3,55,1,1,43,22,2.2137,0.7884
35,Leaf,10000,3,56,0,1,44,22,2.2341,0.8733
35,Leaf,10000,3,57,1,1,39,20,1.8330,0.6971
35,Leaf,10000,3,58,0,1,42,21,1.6786,0.6756
35,Leaf,10000,3,59,1,1,33,17,1.4612,0.5517
35,Leaf,10000,3,60,0,0,29,14,1.2248,0.4976
35,Leaf,10000,3,61,1,1,41,21,1.6197,0.5534
35,Leaf,10000,3,62,0,1,50,25,1.8103,0.6623
35,Leaf,10000,3,63,1,1,29,15,1.2110,0.3762
35,Leaf,10000,3,64,0,1,40,20,1.6009,0.6132
35,Leaf,10000,3,65,1,1,45,23,1.7482,0.6801
35,Leaf,10000,3,66,0,1,38,19,1.4991,0.5871
35,Leaf,10000,3,67,1,1,31,16,1.3556,0.5068
35,Leaf,10000,3,68,0,1,48,24,1.8200,0.6422
35,Leaf,10000,3,69,1,0,38,19,1.5606,0.6114
35,Leaf,10000,3,70,0,1,36,18,1.5083,0.5843
35,Leaf,10000,3,71,1,1,41,21,1.8916,0.7409
35,Leaf,10000,3,72,0,1,36,18,1.5543,0.6475
35,Leaf,10000,3,73,1,0,48,24,2.1228,0.8493
35,Leaf,10000,3,74,0,1,42,21,1.9473,0.7552
35,Leaf,10000,3,75,1,1,29,15,1.3972,0.4928
35,Leaf,10000,3,76,0,1,32,16,1.4648,0.5939
35,Leaf,10000,3,77,1,1,29,15,1.5264,0.5374
35,Leaf,10000,3,78,0,1,28,14,1.2653,0.5126
35,Leaf,10000,3,79,1,1,33,17,1.4586,0.5573
35,Leaf,10000,3,80,0,1,40,20,1.5642,0.5686
35,Leaf,10000,3,81,1,1,45,23,1.7742,0.6412
35,Leaf,10000,3,82,0,1,28,14,1.2708,0.5073
35,Leaf,10000,3,83,1,1,39,20,1.6355,0.5649
35,Leaf,10000,3,84,0,1,34,17,1.3736,0.4949
35,Leaf,10000,3,85,1,1,31,16,1.3666,0.4728
35,Leaf,10000,3,86,0,1,42,21,1.6682,0.6028
35,Leaf,10000,3,87,1,1,53,27,1.9920,0.7420
35,Leaf,10000,3,88,0,1,46,23,1.7722,0.6651
35,Leaf,10000,3,89,1,1,41,21,1.7238,0.5896
35,Leaf,10000,3,90,0,0,37,18,1.4640,0.5499
35,Leaf,10000,3,91,1,1,31,16,1.3417,0.4455
35,Leaf,10000,3,92,0,1,30,15,1.3300,0.5296
35,Leaf,10000,3,93,1,1,39,20,1.6647,0.5874
35,Leaf,10000,3,94,0,1,30,15,1.3691,0.5097
35,Leaf,10000,3,95,1,0,38,19,1.5829,0.5778
35,Leaf,10000,3,96,0,1,42,21,1.5870,0.5283
35,Leaf,10000,3,97,1,0,40,20,1.6174,0.6207
35,Leaf,10000,3,98,0,1,54,27,1.9502,0.7503
35,Leaf,10000,3,99,1,1,31,16,1.3273,0.4602
35,Leaf,10000,3,100,0,1,40,20,1.6044,0.6063
36,Leaf,10000,4,1,1,1,33,17,1.1157,0.4251
36,Leaf,10000,4,2,0,0,35,17,1.1116,0.4857
36,Leaf,10000,4,3,1,1,45,23,1.3191,0.4982
36,Leaf,10000,4,4,0,1,64,32,1.7325,0.7390
36,Leaf,10000,4,5,1,1,35,18,1.1834,0.4440
36,Leaf,10000,4,6,0,1,38,19,1.1961,0.4928
36,Leaf,10000,4,7,1,1,29,15,0.9860,0.3761
36,Leaf,10000,4,8,0,1,44,22,1.3616,0.5711
36,Leaf,10000,4,9,1,1,37,19,1.2350,0.4773
36,Leaf,10000,4,10,0,1,38,19,1.2237,0.5008
36,Leaf,10000,4,11,1,1,41,21,1.3688,0.5593
36,Leaf,10000,4,12,0,1,48,24,1.4427,0.6030
36,Leaf,10000,4,13,1,1,45,23,1.3753,0.5318
36,Leaf,10000,4,14,0,1,32,16,1.0617,0.4343
36,Leaf,10000,4,15,1,1,45,23,1.3785,0.5265
36,Leaf,10000,4,16,0,1,40,20,1.2447,0.5113
36,Leaf,10000,4,17,1,0,62,31,1.7092,0.6979
36,Leaf,10000,4,18,0,1,30,15,1.0103,0.4101
36,Leaf,10000,4,19,1,1,27,14,1.0204,0.3954
36,Leaf,10000,4,20,0,0,51,25,1.6254,0.7042
36,Leaf,10000,4,21,1,1,31,16,1.1055,0.4148
36,Leaf,10000,4,22,0,1,42,21,1.3000,0.5311
36,Leaf,10000,4,23,1,1,29,15,0.9714,0.3658
36,Leaf,10000,4,24,0,1,30,15,0.9669,0.3943
36,Leaf,10000,4,25,1,0,44,22,1.3408,0.5445
36,Leaf,10000,4,26,0,1,42,21,1.3059,0.5495
36,Leaf,10000,4,27,1,1,57,29,1.8011,0.7590
36,Leaf,10000,4,28,0,1,46,23,1.7023,0.6842
36,Leaf,10000,4,29,1,1,35,18,1.2921,0.5103
36,Leaf,10000,4,30,0,1,34,17,1.1911,0.4745
36,Leaf,10000,4,31,1,0,42,21,1.3889,0.5722
36,Leaf,10000,4,32,0,1,36,18,1.1251,0.4565
36,Leaf,10000,4,33,1,1,39,20,1.3489,0.4898
36,Leaf,10000,4,34,0,1,34,17,1.3704,0.6222
36,Leaf,10000,4,35,1,1,39,20,1.7240,0.6952
36,Leaf,10000,4,36,0,1,38,19,1.3254,0.5508
36,Leaf,10000,4,37,1,0,64,32,2.0231,0.8755
36,Leaf,10000,4,38,0,1,38,19,1.2281,0.5063
36,Leaf,10000,4,39,1,1,45,23,1.4780,0.5886
36,Leaf,10000,4,40,0,1,48,24,1.4881,0.6170
36,Leaf,10000,4,41,1,0,48,24,1.4716,0.6024
36,Leaf,10000,4,42,0,0,61,30,1.5946,0.6798
36,Leaf,10000,4,43,1,1,59,30,1.9719,0.7892
36,Leaf,10000,4,44,0,1,40,20,1.5451,0.7406
36,Leaf,10000,4,45,1,1,31,16,1.1874,0.4820
36,Leaf,10000,4,46,0,0,53,26,1.6004,0.6740
36,Leaf,10000,4,47,1,1,43,22,1.3783,0.5406
36,Leaf,10000,4,48,0,1,28,14,0.9816,0.4073
36,Leaf,10000,4,49,1,0,46,23,1.4359,0.5870
36,Leaf,10000,4,50,0,0,37,18,1.1729,0.5126
36,Leaf,10000,4,51,1,1,43,22,1.4077,0.5687
36,Leaf,10000,4,52,0,1,42,21,1.4893,0.6087
36,Leaf,10000,4,53,1,1,51,26,1.9092,0.7876
36,Leaf,10000,4,54,0,1,32,16,1.0816,0.4486
36,Leaf,10000,4,55,1,0,36,18,1.3166,0.5543
36,Leaf,10000,4,56,0,1,38,19,1.7538,0.6979
36,Leaf,10000,4,57,1,1,39,20,1.3354,0.5317
36,Leaf,10000,4,58,0,1,32,16,1.1335,0.4731
36,Leaf,10000,4,59,1,1,41,21,1.5691,0.6930
36,Leaf,10000,4,60,0,1,34,17,1.1927,0.4897
36,Leaf,10000,4,61,1,1,43,22,1.3383,0.5337
36,Leaf,10000,4,62,0,1,56,28,1.5877,0.6672
36,Leaf,10000,4,63,1,1,47,24,1.8069,0.7515
36,Leaf,10000,4,64,0,0,65,32,2.0001,0.9399
36,Leaf,10000,4,65,1,1,31,16,1.2093,0.4575
36,Leaf,10000,4,66,0,0,53,26,1.9533,0.9095
36,Leaf,10000,4,67,1,1,37,19,1.3715,0.5498
36,Leaf,10000,4,68,0,1,38,19,1.3911,0.5579
36,Leaf,10000,4,69,1,1,35,18,1.2571,0.4765
36,Leaf,10000,4,70,0,1,36,18,1.2388,0.5010
36,Leaf,10000,4,71,1,1,37,19,1.2309,0.4795
36,Leaf,10000,4,72,0,0,61,30,1.6724,0.7179
36,Leaf,10000,4,73,1,1,31,16,1.0443,0.3954
36,Leaf,10000,4,74,0,1,34,17,1.0794,0.4419
36,Leaf,10000,4,75,1,1,39,20,1.2451,0.4801
36,Leaf,10000,4,76,0,1,32,16,1.0203,0.4161
36,Leaf,10000,4,77,1,1,29,15,1.0050,0.3789
36,Leaf,10000,4,78,0,1,48,24,1.4293,0.5903
36,Leaf,10000,4,79,1,1,35,18,1.1363,0.4275
36,Leaf,10000,4,80,0,1,36,18,1.1912,0.5005
36,Leaf,10000,4,81,1,1,29,15,1.0483,0.3951
36,Leaf,10000,4,82,0,0,49,24,1.6208,0.7102
36,Leaf,10000,4,83,1,1,35,18,1.3106,0.5378
36,Leaf,10000,4,84,0,1,34,17,1.0623,0.4422
36,Leaf,10000,4,85,1,1,31,16,1.0081,0.3765
36,Leaf,10000,4,86,0,1,40,20,1.2363,0.5042
36,Leaf,10000,4,87,1,0,42,21,1.2788,0.5149
36,Leaf,10000,4,88,0,1,42,21,1.3896,0.5933
36,Leaf,10000,4,89,1,1,51,26,1.7216,0.6721
36,Leaf,10000,4,90,0,1,42,21,1.3328,0.5568
36,Leaf,10000,4,91,1,1,45,23,1.4341,0.5712
36,Leaf,10000,4,92,0,0,53,26,1.5266,0.6320
36,Leaf,10000,4,93,1,1,39,20,1.2691,0.5053
36,Leaf,10000,4,94,0,1,34,17,1.1081,0.4542
36,Leaf,10000,4,95,1,1,47,24,1.5006,0.5969
36,Leaf,10000,4,96,0,0,67,33,1.8145,0.7928
36,Leaf,10000,4,97,1,0,52,26,1.8625,0.7866
36,Leaf,10000,4,98,0,0,45,22,1.5388,0.6583
36,Leaf,10000,4,99,1,1,45,23,1.5065,0.6042
36,Leaf,10000,4,100,0,1,60,30,1.6693,0.7113
37,Root,10000,2,1,1,1,39,20,2.0187,0.5809
37,Root,10000,2,2,0,1,44,22,2.1561,0.6839
37,Root,10000,2,3,1,1,47,24,2.3140,0.7697
37,Root,10000,2,4,0,1,52,26,2.4155,0.7839
37,Root,10000,2,5,1,1,39,20,1.9505,0.6640
37,Root,10000,2,6,0,1,54,27,2.4374,0.8414
37,Root,10000,2,7,1,1,25,13,1.3923,0.4014
37,Root,10000,2,8,0,1,36,18,1.8370,0.5532
37,Root,10000,2,9,1,1,49,25,2.2738,0.7007
37,Root,10000,2,10,0,1,40,20,1.9467,0.6623
37,Root,10000,2,11,1,1,49,25,2.3601,0.7304
37,Root,10000,2,12,0,1,40,20,1.9746,0.6338
37,Root,10000,2,13,1,0,44,22,2.0928,0.7144
37,Root,10000,2,14,0,1,40,20,1.9305,0.5808
37,Root,10000,2,15,1,0,32,16,1.5770,0.5283
37,Root,10000,2,16,0,1,38,19,1.8526,0.5510
37,Root,10000,2,17,1,1,45,23,2.2163,0.6889
37,Root,10000,2,18,0,0,41,20,1.9157,0.6323
37,Root,10000,2,19,1,1,39,20,1.9614,0.5527
37,Root,10000,2,20,0,1,44,22,2.1212,0.6538
37,Root,10000,2,21,1,1,41,21,2.0062,0.6242
37,Root,10000,2,22,0,1,36,18,1.7738,0.4987
37,Root,10000,2,23,1,1,59,30,2.6115,0.7980
37,Root,10000,2,24,0,0,59,29,2.4418,0.8039
37,Root,10000,2,25,1,1,39,20,2.0288,0.6384
37,Root,10000,2,26,0,1,44,22,2.1305,0.6854
37,Root,10000,2,27,1,1,53,27,2.4495,0.7744
37,Root,10000,2,28,0,1,40,20,1.9645,0.6358
37,Root,10000,2,29,1,1,29,15,1.5511,0.4732
37,Root,10000,2,30,0,1,42,21,2.0089,0.6245
37,Root,10000,2,31,1,1,41,21,2.0511,0.6108
37,Root,10000,2,32,0,1,36,18,1.8331,0.5479
37,Root,10000,2,33,1,1,39,20,2.0100,0.6008
37,Root,10000,2,34,0,0,51,25,2.3373,0.8097
37,Root,10000,2,35,1,0,42,21,2.0973,0.7029
37,Root,10000,2,36,0,1,40,20,2.0846,0.6731
37,Root,10000,2,37,1,1,39,20,2.0604,0.5800
37,Root,10000,2,38,0,1,32,16,1.6374,0.4973
37,Root,10000,2,39,1,1,35,18,1.8569,0.5330
37,Root,10000,2,40,0,1,32,16,1.6160,0.5173
37,Root,10000,2,41,1,0,48,24,2.2415,0.7716
37,Root,10000,2,42,0,0,53,26,2.3158,0.7604
37,Root,10000,2,43,1,1,23,12,1.3555,0.4177
37,Root,10000,2,44,0,1,44,22,2.3236,0.7467
37,Root,10000,2,45,1,1,37,19,1.9509,0.5703
37,Root,10000,2,46,0,1,50,25,2.2738,0.7401
37,Root,10000,2,47,1,1,31,16,1.7397,0.5721
37,Root,10000,2,48,0,1,38,19,1.9103,0.5904
37,Root,10000,2,49,1,0,42,21,2.0443,0.6660
37,Root,10000,2,50,0,1,42,21,2.1723,0.7363
37,Root,10000,2,51,1,1,39,20,2.2317,0.6991
37,Root,10000,2,52,0,1,50,25,2.2813,0.7753
37,Root,10000,2,53,1,1,35,18,1.8157,0.5862
37,Root,10000,2,54,0,1,42,21,2.0492,0.6525
37,Root,10000,2,55,1,1,29,15,1.5109,0.4597
37,Root,10000,2,56,0,0,51,25,2.2600,0.7276
37,Root,10000,2,57,1,1,37,19,2.1186,0.7157
37,Root,10000,2,58,0,0,51,25,2.2910,0.7754
37,Root,10000,2,59,1,1,41,21,2.0672,0.6260
37,Root,10000,2,60,0,0,47,23,2.0425,0.6164
37,Root,10000,2,61,1,1,33,17,1.7296,0.4646
37,Root,10000,2,62,0,1,40,20,1.8899,0.6223
37,Root,10000,2,63,1,1,49,25,2.4268,0.7377
37,Root,10000,2,64,0,1,40,20,1.9631,0.5918
37,Root,10000,2,65,1,0,38,19,1.8802,0.6245
37,Root,10000,2,66,0,1,40,20,1.9615,0.6552
37,Root,10000,2,67,1,1,47,24,2.2359,0.6693
37,Root,10000,2,68,0,1,32,16,1.6323,0.4765
37,Root,10000,2,69,1,0,42,21,2.1222,0.6900
37,Root,10000,2,70,0,1,36,18,1.8268,0.6218
37,Root,10000,2,71,1,1,33,17,1.6867,0.5413
37,Root,10000,2,72,0,0,45,22,2.0778,0.6720
37,Root,10000,2,73,1,1,41,21,2.0734,0.5872
37,Root,10000,2,74,0,1,28,14,1.4348,0.4749
37,Root,10000,2,75,1,1,41,21,2.0400,0.5915
37,Root,10000,2,76,0,1,38,19,1.9381,0.5784
37,Root,10000,2,77,1,0,52,26,2.3567,0.7566
37,Root,10000,2,78,0,1,50,25,2.2645,0.7304
37,Root,10000,2,79,1,1,45,23,2.1162,0.6115
37,Root,10000,2,80,0,1,48,24,2.2121,0.6867
37,Root,10000,2,81,1,1,37,19,1.8570,0.5689
37,Root,10000,2,82,0,1,42,21,2.0205,0.6235
37,Root,10000,2,83,1,1,37,19,1.9341,0.5589
37,Root,10000,2,84,0,1,40,20,1.9239,0.6218
37,Root,10000,2,85,1,1,43,22,2.1166,0.6578
37,Root,10000,2,86,0,0,39,19,1.8333,0.5848
37,Root,10000,2,87,1,1,37,19,1.8350,0.5317
37,Root,10000,2,88,0,0,55,27,2.4204,0.8060
37,Root,10000,2,89,1,1,39,20,2.0416,0.6061
37,Root,10000,2,90,0,1,32,16,1.6359,0.5619
37,Root,10000,2,91,1,1,39,20,1.9643,0.5753
37,Root,10000,2,92,0,1,32,16,1.6429,0.5264
37,Root,10000,2,93,1,1,43,22,2.1346,0.6659
37,Root,10000,2,94,0,1,36,18,1.7818,0.6091
37,Root,10000,2,95,1,1,51,26,2.4299,0.7551
37,Root,10000,2,96,0,1,48,24,2.2950,0.7235
37,Root,10000,2,97,1,1,33,17,1.6442,0.5151
37,Root,10000,2,98,0,0,45,22,2.0055,0.5947
37,Root,10000,2,99,1,1,51,26,2.3762,0.7171
37,Root,10000,2,100,0,1,34,17,1.7273,0.5500
38,Root,10000,3,1,1,0,64,32,1.8556,0.7595
38,Root,10000,3,2,0,1,48,24,1.5669,0.6469
38,Root,10000,3,3,1,1,39,20,1.3435,0.5113
38,Root,10000,3,4,0,1,34,17,1.1758,0.5259
38,Root,10000,3,5,1,1,35,18,1.2256,0.5091
38,Root,10000,3,6,0,1,44,22,1.4688,0.6631
38,Root,10000,3,7,1,1,33,17,1.2267,0.5238
38,Root,10000,3,8,0,0,55,27,1.6954,0.8016
38,Root,10000,3,9,1,0,48,24,1.5658,0.6589
38,Root,10000,3,10,0,1,28,14,0.9857,0.4662
38,Root,10000,3,11,1,1,45,23,1.6063,0.6818
38,Root,10000,3,12,0,0,37,18,1.2370,0.5569
38,Root,10000,3,13,1,1,29,15,1.0712,0.4429
38,Root,10000,3,14,0,1,52,26,1.7059,0.7690
38,Root,10000,3,15,1,1,37,19,1.3074,0.5778
38,Root,10000,3,16,0,1,44,22,1.4813,0.6333
38,Root,10000,3,17,1,1,29,15,1.0783,0.4745
38,Root,10000,3,18,0,1,42,21,1.4119,0.5855
38,Root,10000,3,19,1,1,21,11,0.8304,0.3237
38,Root,10000,3,20,0,1,40,20,1.3615,0.5809
38,Root,10000,3,21,1,0,36,18,1.1944,0.5405
38,Root,10000,3,22,0,0,53,26,1.6674,0.7192
38,Root,10000,3,23,1,0,42,21,1.4491,0.6335
38,Root,10000,3,24,0,1,44,22,1.6679,0.7894
38,Root,10000,3,25,1,1,57,29,1.7577,0.7201
38,Root,10000,3,26,0,1,34,17,1.2962,0.5664
38,Root,10000,3,27,1,1,41,21,1.4067,0.5787
38,Root,10000,3,28,0,1,32,16,1.2042,0.5050
38,Root,10000,3,29,1,1,43,22,1.4310,0.6020
38,Root,10000,3,30,0,1,36,18,1.2457,0.5348
38,Root,10000,3,31,1,1,39,20,1.2764,0.5419
38,Root,10000,3,32,0,1,40,20,1.3785,0.6060
38,Root,10000,3,33,1,0,46,23,1.5720,0.6337
38,Root,10000,3,34,0,1,36,18,1.1999,0.5024
38,Root,10000,3,35,1,1,71,36,1.9145,0.7645
38,Root,10000,3,36,0,1,42,21,1.4355,0.6094
38,Root,10000,3,37,1,0,46,23,1.5765,0.6533
38,Root,10000,3,38,0,0,49,24,1.6058,0.7057
38,Root,10000,3,39,1,1,39,20,1.3195,0.5616
38,Root,10000,3,40,0,1,46,23,1.4816,0.6537
38,Root,10000,3,41,1,1,59,30,1.9193,0.8393
38,Root,10000,3,42,0,0,41,20,1.4728,0.7149
38,Root,10000,3,43,1,1,47,24,1.7379,0.7589
38,Root,10000,3,44,0,0,59,29,1.8524,0.8492
38,Root,10000,3,45,1,1,33,17,1.2861,0.5003
38,Root,10000,3,46,0,0,53,26,1.7121,0.8251
38,Root,10000,3,47,1,1,43,22,1.4269,0.5716
38,Root,10000,3,48,0,0,33,16,1.1180,0.4897
38,Root,10000,3,49,1,1,33,17,1.1665,0.4701
38,Root,10000,3,50,0,1,30,15,1.0571,0.5268
38,Root,10000,3,51,1,1,43,22,1.6011,0.6783
38,Root,10000,3,52,0,1,46,23,1.6525,0.7701
38,Root,10000,3,53,1,1,41,21,1.4180,0.6597
38,Root,10000,3,54,0,1,34,17,1.2158,0.4932
38,Root,10000,3,55,1,1,37,19,1.3320,0.5544
38,Root,10000,3,56,0,1,40,20,1.3321,0.5673
38,Root,10000,3,57,1,1,35,18,1.2525,0.5155
38,Root,10000,3,58,0,1,32,16,1.1008,0.4627
38,Root,10000,3,59,1,0,38,19,1.3087,0.6021
38,Root,10000,3,60,0,1,28,14,1.0382,0.4659
38,Root,10000,3,61,1,1,39,20,1.4254,0.6205
38,Root,10000,3,62,0,1,32,16,1.2019,0.5397
38,Root,10000,3,63,1,1,37,19,1.3352,0.5911
38,Root,10000,3,64,0,1,52,26,1.6510,0.7195
38,Root,10000,3,65,1,1,57,29,1.7364,0.6947
38,Root,10000,3,66,0,1,60,30,1.8289,0.7713
38,Root,10000,3,67,1,0,54,27,1.6268,0.6324
38,Root,10000,3,68,0,0,79,39,2.0314,0.8616
38,Root,10000,3,69,1,1,29,15,1.0613,0.4064
38,Root,10000,3,70,0,1,30,15,1.0908,0.4516
38,Root,10000,3,71,1,0,52,26,1.6157,0.6859
38,Root,10000,3,72,0,1,38,19,1.3084,0.5766
38,Root,10000,3,73,1,0,56,28,1.6693,0.7158
38,Root,10000,3,74,0,1,38,19,1.2760,0.5232
38,Root,10000,3,75,1,1,29,15,1.0590,0.4021
38,Root,10000,3,76,0,1,40,20,1.3657,0.5516
38,Root,10000,3,77,1,1,43,22,1.3579,0.5205
38,Root,10000,3,78,0,1,42,21,1.5098,0.6585
38,Root,10000,3,79,1,1,37,19,1.2357,0.4953
38,Root,10000,3,80,0,0,59,29,1.6670,0.7227
38,Root,10000,3,81,1,1,41,21,1.4451,0.5770
38,Root,10000,3,82,0,0,35,17,1.1195,0.4790
38,Root,10000,3,83,1,1,53,27,1.7194,0.7169
38,Root,10000,3,84,0,1,38,19,1.2899,0.5126
38,Root,10000,3,85,1,1,55,28,1.7807,0.7657
38,Root,10000,3,86,0,1,44,22,1.4228,0.6173
38,Root,10000,3,87,1,1,49,25,1.5818,0.6066
38,Root,10000,3,88,0,1,40,20,1.3572,0.5388
38,Root,10000,3,89,1,1,39,20,1.3690,0.5243
38,Root,10000,3,90,0,0,51,25,1.6655,0.7620
38,Root,10000,3,91,1,0,50,25,1.8965,0.8517
38,Root,10000,3,92,0,1,56,28,2.0943,1.0093
38,Root,10000,3,93,1,1,43,22,1.5753,0.6528
38,Root,10000,3,94,0,1,36,18,1.3902,0.6789
38,Root,10000,3,95,1,1,45,23,1.7030,0.7042
38,Root,10000,3,96,0,1,44,22,1.6018,0.6853
38,Root,10000,3,97,1,0,48,24,1.7243,0.6843
38,Root,10000,3,98,0,0,65,32,2.0514,0.9300
38,Root,10000,3,99,1,1,45,23,1.5597,0.6916
38,Root,10000,3,100,0,1,30,15,1.1677,0.5940
39,Root,10000,4,1,1,1,27,14,0.9882,0.4438
39,Root,10000,4,2,0,0,47,23,1.6117,0.8232
39,Root,10000,4,3,1,0,34,17,1.1979,0.6158
39,Root,10000,4,4,0,1,38,19,1.2121,0.6140
39,Root,10000,4,5,1,1,49,25,1.2897,0.6105
39,Root,10000,4,6,0,1,38,19,1.0544,0.5435
39,Root,10000,4,7,1,1,27,14,1.0116,0.4713
39,Root,10000,4,8,0,0,57,28,1.5527,0.8287
39,Root,10000,4,9,1,1,53,27,1.2035,0.5798
39,Root,10000,4,10,0,0,43,21,1.1358,0.6447
39,Root,10000,4,11,1,1,45,23,1.2435,0.5921
39,Root,10000,4,12,0,1,48,24,1.2275,0.6111
39,Root,10000,4,13,1,1,33,17,0.8822,0.4200
39,Root,10000,4,14,0,1,46,23,1.1970,0.6081
39,Root,10000,4,15,1,1,45,23,1.1621,0.5524
39,Root,10000,4,16,0,1,44,22,1.1728,0.5978
39,Root,10000,4,17,1,1,45,23,1.1738,0.5580
39,Root,10000,4,18,0,0,61,30,1.4399,0.7327
39,Root,10000,4,19,1,1,45,23,1.1764,0.5728
39,Root,10000,4,20,0,0,63,31,1.7779,0.8999
39,Root,10000,4,21,1,1,31,16,1.2772,0.6051
39,Root,10000,4,22,0,1,58,29,1.3163,0.6783
39,Root,10000,4,23,1,1,47,24,1.1699,0.5595
39,Root,10000,4,24,0,1,40,20,1.0306,0.5174
39,Root,10000,4,25,1,1,37,19,1.0222,0.4838
39,Root,10000,4,26,0,1,34,17,0.9392,0.4873
39,Root,10000,4,27,1,1,49,25,1.2550,0.5986
39,Root,10000,4,28,0,1,40,20,1.0855,0.5438
39,Root,10000,4,29,1,1,39,20,1.0887,0.5127
39,Root,10000,4,30,0,1,36,18,0.9692,0.4938
39,Root,10000,4,31,1,1,43,22,1.1558,0.5453
39,Root,10000,4,32,0,1,40,20,1.0454,0.5333
39,Root,10000,4,33,1,1,47,24,1.2325,0.5889
39,Root,10000,4,34,0,1,42,21,1.1240,0.5747
39,Root,10000,4,35,1,1,33,17,0.9390,0.4362
39,Root,10000,4,36,0,0,45,22,1.1142,0.5884
39,Root,10000,4,37,1,1,39,20,1.0333,0.4933
39,Root,10000,4,38,0,0,41,20,1.0509,0.5549
39,Root,10000,4,39,1,1,45,23,1.3444,0.6318
39,Root,10000,4,40,0,1,56,28,1.3600,0.6912
39,Root,10000,4,41,1,1,55,28,1.3173,0.6336
39,Root,10000,4,42,0,1,44,22,1.0717,0.5394
39,Root,10000,4,43,1,1,41,21,1.0851,0.5179
39,Root,10000,4,44,0,1,30,15,0.9051,0.4422
39,Root,10000,4,45,1,0,66,33,1.5613,0.7733
39,Root,10000,4,46,0,1,42,21,1.0433,0.5318
39,Root,10000,4,47,1,1,41,21,1.1232,0.5312
39,Root,10000,4,48,0,1,40,20,1.0470,0.5265
39,Root,10000,4,49,1,0,60,30,1.4505,0.6989
39,Root,10000,4,50,0,1,30,15,0.9611,0.4869
39,Root,10000,4,51,1,1,43,22,1.1664,0.5550
39,Root,10000,4,52,0,1,44,22,1.1313,0.5742
39,Root,10000,4,53,1,1,39,20,1.0713,0.5264
39,Root,10000,4,54,0,1,40,20,1.0650,0.5335
39,Root,10000,4,55,1,1,51,26,1.4090,0.6846
39,Root,10000,4,56,0,0,41,20,1.1293,0.5917
39,Root,10000,4,57,1,1,35,18,1.0204,0.4875
39,Root,10000,4,58,0,1,48,24,1.2906,0.6631
39,Root,10000,4,59,1,1,43,22,1.2216,0.5845
39,Root,10000,4,60,0,1,58,29,1.4487,0.7284
39,Root,10000,4,61,1,1,63,32,1.4653,0.7112
39,Root,10000,4,62,0,1,60,30,1.4560,0.7451
39,Root,10000,4,63,1,0,38,19,1.0409,0.5192
39,Root,10000,4,64,0,1,44,22,1.1465,0.5728
39,Root,10000,4,65,1,1,41,21,1.1569,0.5533
39,Root,10000,4,66,0,1,50,25,1.3349,0.6759
39,Root,10000,4,67,1,1,39,20,1.1583,0.5388
39,Root,10000,4,68,0,1,54,27,1.4207,0.7326
39,Root,10000,4,69,1,1,47,24,1.2671,0.6137
39,Root,10000,4,70,0,1,44,22,1.1629,0.5894
39,Root,10000,4,71,1,0,46,23,1.2711,0.6352
39,Root,10000,4,72,0,0,31,15,1.2451,0.6586
39,Root,10000,4,73,1,1,47,24,1.4189,0.6698
39,Root,10000,4,74,0,0,53,26,1.5490,0.7907
39,Root,10000,4,75,1,1,47,24,1.7984,0.8894
39,Root,10000,4,76,0,1,50,25,1.6570,0.8420
39,Root,10000,4,77,1,1,43,22,1.3195,0.6305
39,Root,10000,4,78,0,1,34,17,1.1286,0.5495
39,Root,10000,4,79,1,0,48,24,1.6320,0.8265
39,Root,10000,4,80,0,0,41,20,1.1401,0.6070
39,Root,10000,4,81,1,1,41,21,1.1163,0.5286
39,Root,10000,4,82,0,1,44,22,1.3455,0.6750
39,Root,10000,4,83,1,1,53,27,1.5237,0.7432
39,Root,10000,4,84,0,1,42,21,1.1585,0.5736
39,Root,10000,4,85,1,1,31,16,0.9522,0.4444
39,Root,10000,4,86,0,1,46,23,1.2552,0.6557
39,Root,10000,4,87,1,0,54,27,1.5144,0.7420
39,Root,10000,4,88,0,0,35,17,0.9329,0.4989
39,Root,10000,4,89,1,0,50,25,1.3183,0.6541
39,Root,10000,4,90,0,0,47,23,1.1630,0.6249
39,Root,10000,4,91,1,1,35,18,1.0338,0.4875
39,Root,10000,4,92,0,1,48,24,1.3749,0.6865
39,Root,10000,4,93,1,1,49,25,1.5724,0.7358
39,Root,10000,4,94,0,1,52,26,1.4109,0.7106
39,Root,10000,4,95,1,1,41,21,1.1182,0.5271
39,Root,10000,4,96,0,1,38,19,1.1265,0.5601
39,Root,10000,4,97,1,1,35,18,1.2673,0.5950
39,Root,10000,4,98,0,1,36,18,1.1197,0.5793
39,Root,10000,4,99,1,0,34,17,1.0947,0.5328
39,Root,10000,4,100,0,1,34,17,0.9540,0.4765
40,LockFree,10000,2,1,1,1,63,32,3.0587,1.0002
40,LockFree,10000,2,2,0,1,34,17,1.8801,0.6285
40,LockFree,10000,2,3,1,1,31,16,1.7162,0.4857
40,LockFree,10000,2,4,0,1,44,22,2.4758,0.8471
40,LockFree,10000,2,5,1,1,41,21,2.1595,0.6905
40,LockFree,10000,2,6,0,1,32,16,1.5663,0.4880
40,LockFree,10000,2,7,1,1,47,24,2.3245,0.6786
40,LockFree,10000,2,8,0,1,30,15,1.5803,0.5006
40,LockFree,10000,2,9,1,1,33,17,1.7686,0.5982
40,LockFree,10000,2,10,0,1,58,29,2.6100,0.8310
40,LockFree,10000,2,11,1,1,57,29,2.6787,0.8145
40,LockFree,10000,2,12,0,1,34,17,1.7098,0.5270
40,LockFree,10000,2,13,1,0,46,23,2.1601,0.7012
40,LockFree,10000,2,14,0,1,40,20,1.9611,0.6310
40,LockFree,10000,2,15,1,1,37,19,1.9350,0.5933
40,LockFree,10000,2,16,0,1,30,15,1.5762,0.4714
40,LockFree,10000,2,17,1,1,45,23,2.2096,0.6881
40,LockFree,10000,2,18,0,0,47,23,2.1885,0.7416
40,LockFree,10000,2,19,1,1,41,21,2.0734,0.5876
40,LockFree,10000,2,20,0,1,30,15,1.5876,0.4982
40,LockFree,10000,2,21,1,1,35,18,1.8693,0.5340
40,LockFree,10000,2,22,0,1,38,19,1.9178,0.6256
40,LockFree,10000,2,23,1,1,29,15,1.5650,0.4576
40,LockFree,10000,2,24,0,1,36,18,1.7856,0.5744
40,LockFree,10000,2,25,1,1,43,22,2.1635,0.5930
40,LockFree,10000,2,26,0,1,32,16,1.6396,0.5479
40,LockFree,10000,2,27,1,1,37,19,1.9237,0.6194
40,LockFree,10000,2,28,0,1,40,20,1.9327,0.6288
40,LockFree,10000,2,29,1,0,50,25,2.3188,0.7311
40,LockFree,10000,2,30,0,1,46,23,2.1888,0.6443
40,LockFree,10000,2,31,1,1,35,18,1.7473,0.4771
40,LockFree,10000,2,32,0,1,66,33,2.7574,0.8191
40,LockFree,10000,2,33,1,1,33,17,1.6679,0.5111
40,LockFree,10000,2,34,0,1,28,14,1.4897,0.4989
40,LockFree,10000,2,35,1,1,45,23,2.2645,0.6846
40,LockFree,10000,2,36,0,1,50,25,2.3203,0.7707
40,LockFree,10000,2,37,1,1,41,21,2.0994,0.6122
40,LockFree,10000,2,38,0,0,45,22,1.9801,0.6379
40,LockFree,10000,2,39,1,1,31,16,1.6298,0.5209
40,LockFree,10000,2,40,0,1,44,22,2.0312,0.6129
40,LockFree,10000,2,41,1,1,23,12,1.2347,0.3683
40,LockFree,10000,2,42,0,0,47,23,2.1229,0.6488
40,LockFree,10000,2,43,1,1,41,21,1.9720,0.5748
40,LockFree,10000,2,44,0,1,38,19,1.8678,0.5865
40,LockFree,10000,2,45,1,1,59,30,2.6415,0.6858
40,LockFree,10000,2,46,0,0,41,20,1.9309,0.5462
40,LockFree,10000,2,47,1,1,27,14,1.4171,0.4619
40,LockFree,10000,2,48,0,0,39,19,1.8495,0.5824
40,LockFree,10000,2,49,1,1,51,26,2.3763,0.7012
40,LockFree,10000,2,50,0,1,30,15,1.5746,0.4868
40,LockFree,10000,2,51,1,0,38,19,1.9304,0.6377
40,LockFree,10000,2,52,0,0,51,25,2.3338,0.7778
40,LockFree,10000,2,53,1,1,43,22,2.1396,0.6689
40,LockFree,10000,2,54,0,1,38,19,1.9148,0.5793
40,LockFree,10000,2,55,1,1,37,19,1.9199,0.5960
40,LockFree,10000,2,56,0,1,44,22,2.0838,0.6157
40,LockFree,10000,2,57,1,1,41,21,2.0868,0.5823
40,LockFree,10000,2,58,0,1,42,21,1.9876,0.6013
40,LockFree,10000,2,59,1,1,47,24,2.2498,0.6719
40,LockFree,10000,2,60,0,0,53,26,2.4776,0.8426
40,LockFree,10000,2,61,1,1,45,23,2.2476,0.7180
40,LockFree,10000,2,62,0,0,45,22,2.1481,0.7037
40,LockFree,10000,2,63,1,1,37,19,1.8875,0.5841
40,LockFree,10000,2,64,0,1,32,16,1.6264,0.4759
40,LockFree,10000,2,65,1,1,45,23,2.1933,0.6102
40,LockFree,10000,2,66,0,1,48,24,2.2877,0.6472
40,LockFree,10000,2,67,1,1,43,22,2.0290,0.6492
40,LockFree,10000,2,68,0,1,52,26,2.4649,0.7928
40,LockFree,10000,2,69,1,1,45,23,2.1908,0.6502
40,LockFree,10000,2,70,0,1,36,18,1.8272,0.5613
40,LockFree,10000,2,71,1,0,48,24,2.2331,0.6696
40,LockFree,10000,2,72,0,1,38,19,1.8539,0.5633
40,LockFree,10000,2,73,1,1,55,28,2.5839,0.7463
40,LockFree,10000,2,74,0,1,60,30,2.6282,0.8662
40,LockFree,10000,2,75,1,1,35,18,1.8914,0.5746
40,LockFree,10000,2,76,0,1,36,18,1.8676,0.6070
40,LockFree,10000,2,77,1,1,43,22,2.2472,0.6903
40,LockFree,10000,2,78,0,0,49,24,2.1461,0.6995
40,LockFree,10000,2,79,1,1,37,19,1.9307,0.5939
40,LockFree,10000,2,80,0,1,32,16,1.6353,0.5275
40,LockFree,10000,2,81,1,1,35,18,1.9190,0.5983
40,LockFree,10000,2,82,0,1,42,21,2.1079,0.6502
40,LockFree,10000,2,83,1,1,43,22,2.1436,0.5607
40,LockFree,10000,2,84,0,1,28,14,1.4258,0.3840
40,LockFree,10000,2,85,1,1,35,18,1.8004,0.4489
40,LockFree,10000,2,86,0,1,40,20,1.9941,0.6053
40,LockFree,10000,2,87,1,0,68,34,2.7870,0.7839
40,LockFree,10000,2,88,0,1,24,12,1.2153,0.3354
40,LockFree,10000,2,89,1,1,29,15,1.5588,0.4290
40,LockFree,10000,2,90,0,0,45,22,2.0232,0.7089
40,LockFree,10000,2,91,1,1,37,19,1.9273,0.5785
40,LockFree,10000,2,92,0,1,32,16,1.6891,0.5252
40,LockFree,10000,2,93,1,1,31,16,1.6542,0.4960
40,LockFree,10000,2,94,0,1,34,17,1.7614,0.5489
40,LockFree,10000,2,95,1,1,31,16,1.6611,0.5077
40,LockFree,10000,2,96,0,1,34,17,1.6804,0.5325
40,LockFree,10000,2,97,1,1,27,14,1.4622,0.4617
40,LockFree,10000,2,98,0,0,55,27,2.4610,0.8253
40,LockFree,10000,2,99,1,0,56,28,2.5310,0.8015
40,LockFree,10000,2,100,0,0,35,17,1.7732,0.6168
41,LockFree,10000,3,1,1,1,37,19,1.3119,0.5555
41,LockFree,10000,3,2,0,1,40,20,1.3657,0.6363
41,LockFree,10000,3,3,1,1,39,20,1.2868,0.4583
41,LockFree,10000,3,4,0,1,46,23,1.4374,0.6345
41,LockFree,10000,3,5,1,1,41,21,1.4123,0.5994
41,LockFree,10000,3,6,0,1,24,12,0.8868,0.3831
41,LockFree,10000,3,7,1,1,43,22,1.5074,0.5999
41,LockFree,10000,3,8,0,1,44,22,1.5603,0.6920
41,LockFree,10000,3,9,1,1,43,22,1.5450,0.6203
41,LockFree,10000,3,10,0,0,53,26,1.6530,0.7332
41,LockFree,10000,3,11,1,1,37,19,1.3186,0.5364
41,LockFree,10000,3,12,0,0,47,23,1.5608,0.6966
41,LockFree,10000,3,13,1,1,43,22,1.4921,0.6049
41,LockFree,10000,3,14,0,1,48,24,1.5607,0.6679
41,LockFree,10000,3,15,1,0,50,25,1.6780,0.6799
41,LockFree,10000,3,16,0,1,40,20,1.4084,0.6470
41,LockFree,10000,3,17,1,0,42,21,1.4428,0.5961
41,LockFree,10000,3,18,0,1,40,20,1.4116,0.6164
41,LockFree,10000,3,19,1,0,44,22,1.5338,0.6539
41,LockFree,10000,3,20,0,1,36,18,1.2982,0.5629
41,LockFree,10000,3,21,1,1,43,22,1.4758,0.6070
41,LockFree,10000,3,22,0,1,38,19,1.3059,0.5186
41,LockFree,10000,3,23,1,1,45,23,1.5871,0.6411
41,LockFree,10000,3,24,0,1,28,14,1.0227,0.4262
41,LockFree,10000,3,25,1,1,31,16,1.1456,0.4728
41,LockFree,10000,3,26,0,0,37,18,1.2911,0.5759
41,LockFree,10000,3,27,1,1,31,16,1.0950,0.4024
41,LockFree,10000,3,28,0,1,34,17,1.1646,0.5019
41,LockFree,10000,3,29,1,0,38,19,1.2804,0.4921
41,LockFree,10000,3,30,0,1,22,11,0.7754,0.2974
41,LockFree,10000,3,31,1,1,49,25,1.5945,0.6007
41,LockFree,10000,3,32,0,0,57,28,1.7209,0.7455
41,LockFree,10000,3,33,1,1,51,26,1.6192,0.6211
41,LockFree,10000,3,34,0,1,28,14,0.9723,0.4016
41,LockFree,10000,3,35,1,1,35,18,1.2195,0.4337
41,LockFree,10000,3,36,0,1,34,17,1.2024,0.5712
41,LockFree,10000,3,37,1,1,37,19,1.3438,0.5107
41,LockFree,10000,3,38,0,1,62,31,1.8776,0.7507
41,LockFree,10000,3,39,1,1,29,15,1.1337,0.4948
41,LockFree,10000,3,40,0,1,40,20,1.3542,0.5568
41,LockFree,10000,3,41,1,1,43,22,1.4753,0.5757
41,LockFree,10000,3,42,0,0,45,22,1.4615,0.6063
41,LockFree,10000,3,43,1,1,39,20,1.3711,0.5348
41,LockFree,10000,3,44,0,1,30,15,1.0384,0.4617
41,LockFree,10000,3,45,1,1,37,19,1.3235,0.5455
41,LockFree,10000,3,46,0,0,43,21,1.4059,0.6277
41,LockFree,10000,3,47,1,1,37,19,1.2952,0.5106
41,LockFree,10000,3,48,0,0,39,19,1.2577,0.5547
41,LockFree,10000,3,49,1,1,37,19,1.3209,0.5394
41,LockFree,10000,3,50,0,1,30,15,1.0737,0.4956
41,LockFree,10000,3,51,1,1,45,23,1.5096,0.5813
41,LockFree,10000,3,52,0,1,40,20,1.4504,0.5886
41,LockFree,10000,3,53,1,1,41,21,1.6345,0.7177
41,LockFree,10000,3,54,0,0,33,16,1.1412,0.5534
41,LockFree,10000,3,55,1,1,39,20,1.4368,0.5689
41,LockFree,10000,3,56,0,0,41,20,1.5984,0.6975
41,LockFree,10000,3,57,1,1,39,20,1.4959,0.6487
41,LockFree,10000,3,58,0,1,38,19,1.3704,0.6324
41,LockFree,10000,3,59,1,1,37,19,1.3577,0.5930
41,LockFree,10000,3,60,0,1,30,15,1.0704,0.4194
41,LockFree,10000,3,61,1,0,42,21,1.4055,0.5776
41,LockFree,10000,3,62,0,0,45,22,1.4303,0.6351
41,LockFree,10000,3,63,1,1,39,20,1.8010,0.6968
41,LockFree,10000,3,64,0,0,39,19,1.5074,0.7051
41,LockFree,10000,3,65,1,1,39,20,1.7132,0.7282
41,LockFree,10000,3,66,0,1,38,19,1.3836,0.6116
41,LockFree,10000,3,67,1,1,57,29,2.0911,0.8949
41,LockFree,10000,3,68,0,0,39,19,1.4170,0.6508
41,LockFree,10000,3,69,1,1,39,20,1.5757,0.6724
41,LockFree,10000,3,70,0,1,32,16,1.3275,0.5906
41,LockFree,10000,3,71,1,0,42,21,1.5767,0.7177
41,LockFree,10000,3,72,0,1,26,13,1.0824,0.5345
41,LockFree,10000,3,73,1,0,54,27,1.9354,0.8114
41,LockFree,10000,3,74,0,0,45,22,1.8254,0.8032
41,LockFree,10000,3,75,1,1,29,15,1.1206,0.4999
41,LockFree,10000,3,76,0,1,30,15,1.1330,0.4882
41,LockFree,10000,3,77,1,1,39,20,1.5099,0.5764
41,LockFree,10000,3,78,0,1,58,29,1.8882,0.7967
41,LockFree,10000,3,79,1,1,37,19,1.3695,0.5241
41,LockFree,10000,3,80,0,1,50,25,1.7911,0.8525
41,LockFree,10000,3,81,1,1,33,17,1.5001,0.6276
41,LockFree,10000,3,82,0,1,64,32,2.8290,1.1110
41,LockFree,10000,3,83,1,1,41,21,1.6513,0.7241
41,LockFree,10000,3,84,0,1,36,18,1.6423,0.6987
41,LockFree,10000,3,85,1,0,42,21,1.6612,0.7093
41,LockFree,10000,3,86,0,1,32,16,1.3718,0.6446
41,LockFree,10000,3,87,1,1,39,20,1.5065,0.7374
41,LockFree,10000,3,88,0,1,32,16,1.2136,0.6323
41,LockFree,10000,3,89,1,1,43,22,1.5553,0.7744
41,LockFree,10000,3,90,0,0,35,17,1.3040,0.7080
41,LockFree,10000,3,91,1,0,56,28,1.8139,0.8366
41,LockFree,10000,3,92,0,1,40,20,1.4586,0.6556
41,LockFree,10000,3,93,1,0,44,22,1.5796,0.7129
41,LockFree,10000,3,94,0,0,55,27,2.0319,0.9721
41,LockFree,10000,3,95,1,0,40,20,1.7617,0.6944
41,LockFree,10000,3,96,0,1,40,20,1.7121,0.6776
41,LockFree,10000,3,97,1,1,29,15,1.1510,0.4660
41,LockFree,10000,3,98,0,1,34,17,1.2723,0.5782
41,LockFree,10000,3,99,1,0,36,18,1.2733,0.5458
41,LockFree,10000,3,100,0,1,46,23,1.6196,0.6952
42,LockFree,10000,4,1,1,1,31,16,0.9806,0.4524
42,LockFree,10000,4,2,0,0,41,20,1.1536,0.5983
42,LockFree,10000,4,3,1,1,37,19,1.3907,0.6473
42,LockFree,10000,4,4,0,1,46,23,1.3286,0.6658
42,LockFree,10000,4,5,1,1,33,17,1.0362,0.4772
42,LockFree,10000,4,6,0,1,28,14,0.8462,0.4185
42,LockFree,10000,4,7,1,1,29,15,0.8720,0.4011
42,LockFree,10000,4,8,0,1,36,18,1.0773,0.5312
42,LockFree,10000,4,9,1,1,57,29,1.8360,0.8705
42,LockFree,10000,4,10,0,1,64,32,2.1429,1.0370
42,LockFree,10000,4,11,1,1,37,19,1.6182,0.7567
42,LockFree,10000,4,12,0,1,28,14,1.1490,0.5710
42,LockFree,10000,4,13,1,1,31,16,0.9882,0.4585
42,LockFree,10000,4,14,0,0,35,17,1.0033,0.5465
42,LockFree,10000,4,15,1,1,37,19,1.1118,0.5146
42,LockFree,10000,4,16,0,1,32,16,0.9605,0.4656
42,LockFree,10000,4,17,1,1,35,18,1.0343,0.4767
42,LockFree,10000,4,18,0,0,43,21,1.1300,0.5818
42,LockFree,10000,4,19,1,1,39,20,1.1174,0.5226
42,LockFree,10000,4,20,0,0,55,27,1.3844,0.7161
42,LockFree,10000,4,21,1,0,46,23,1.2097,0.5932
42,LockFree,10000,4,22,0,0,57,28,1.4240,0.7293
42,LockFree,10000,4,23,1,1,33,17,0.9644,0.4434
42,LockFree,10000,4,24,0,1,34,17,0.8967,0.4441
42,LockFree,10000,4,25,1,1,29,15,0.9199,0.4228
42,LockFree,10000,4,26,0,1,46,23,1.2649,0.6269
42,LockFree,10000,4,27,1,1,37,19,1.0761,0.4994
42,LockFree,10000,4,28,0,1,36,18,1.0601,0.5303
42,LockFree,10000,4,29,1,1,41,21,1.1666,0.5450
42,LockFree,10000,4,30,0,1,54,27,1.3460,0.6714
42,LockFree,10000,4,31,1,1,33,17,0.9759,0.4481
42,LockFree,10000,4,32,0,1,42,21,1.2102,0.5974
42,LockFree,10000,4,33,1,0,58,29,1.5565,0.7632
42,LockFree,10000,4,34,0,0,47,23,1.2884,0.6672
42,LockFree,10000,4,35,1,1,33,17,0.9999,0.4617
42,LockFree,10000,4,36,0,1,26,13,0.7611,0.3820
42,LockFree,10000,4,37,1,1,47,24,1.2326,0.5701
42,LockFree,10000,4,38,0,1,40,20,1.1462,0.5660
42,LockFree,10000,4,39,1,1,41,21,1.1476,0.5394
42,LockFree,10000,4,40,0,0,51,25,1.3138,0.6772
42,LockFree,10000,4,41,1,1,47,24,1.4893,0.7054
42,LockFree,10000,4,42,0,1,46,23,1.3044,0.6478
42,LockFree,10000,4,43,1,0,60,30,1.4396,0.6971
42,LockFree,10000,4,44,0,1,42,21,1.1696,0.5820
42,LockFree,10000,4,45,1,1,51,26,1.3407,0.6353
42,LockFree,10000,4,46,0,0,57,28,1.4507,0.7340
42,LockFree,10000,4,47,1,1,39,20,1.3744,0.6299
42,LockFree,10000,4,48,0,1,40,20,1.1546,0.5775
42,LockFree,10000,4,49,1,1,41,21,1.2961,0.5910
42,LockFree,10000,4,50,0,0,45,22,1.6461,0.8508
42,LockFree,10000,4,51,1,1,45,23,1.5388,0.7212
42,LockFree,10000,4,52,0,1,56,28,1.6373,0.8206
42,LockFree,10000,4,53,1,1,43,22,1.5407,0.7362
42,LockFree,10000,4,54,0,1,22,11,0.9928,0.4917
42,LockFree,10000,4,55,1,1,35,18,1.5025,0.7153
42,LockFree,10000,4,56,0,0,55,27,1.7347,0.8768
42,LockFree,10000,4,57,1,1,45,23,1.4166,0.6948
42,LockFree,10000,4,58,0,1,62,31,1.8726,0.8848
42,LockFree,10000,4,59,1,0,44,22,1.5156,0.7285
42,LockFree,10000,4,60,0,1,32,16,1.1568,0.5807
42,LockFree,10000,4,61,1,1,35,18,1.5334,0.7172
42,LockFree,10000,4,62,0,1,40,20,1.2724,0.6472
42,LockFree,10000,4,63,1,1,23,12,0.7402,0.3367
42,LockFree,10000,4,64,0,0,37,18,1.0745,0.5789
42,LockFree,10000,4,65,1,1,51,26,1.3499,0.6345
42,LockFree,10000,4,66,0,1,32,16,0.8956,0.4446
42,LockFree,10000,4,67,1,1,39,20,1.0649,0.4991
42,LockFree,10000,4,68,0,1,30,15,0.8282,0.4186
42,LockFree,10000,4,69,1,1,37,19,1.0530,0.4923
42,LockFree,10000,4,70,0,1,40,20,1.0592,0.5306
42,LockFree,10000,4,71,1,1,31,16,0.8836,0.4087
42,LockFree,10000,4,72,0,1,40,20,1.0498,0.5164
42,LockFree,10000,4,73,1,1,35,18,0.9985,0.4644
42,LockFree,10000,4,74,0,1,38,19,1.1078,0.5476
42,LockFree,10000,4,75,1,1,49,25,1.3351,0.6313
42,LockFree,10000,4,76,0,1,36,18,0.9804,0.5013
42,LockFree,10000,4,77,1,1,43,22,1.1946,0.5667
42,LockFree,10000,4,78,0,1,30,15,0.8841,0.4441
42,LockFree,10000,4,79,1,1,39,20,1.1104,0.5125
42,LockFree,10000,4,80,0,1,36,18,1.0316,0.5081
42,LockFree,10000,4,81,1,1,43,22,1.1902,0.5537
42,LockFree,10000,4,82,0,1,30,15,0.8358,0.4180
42,LockFree,10000,4,83,1,1,35,18,1.0298,0.4789
42,LockFree,10000,4,84,0,1,32,16,0.9247,0.4583
42,LockFree,10000,4,85,1,1,37,19,1.0477,0.4931
42,LockFree,10000,4,86,0,1,34,17,0.9351,0.4635
42,LockFree,10000,4,87,1,1,25,13,0.8033,0.3740
42,LockFree,10000,4,88,0,1,36,18,1.0625,0.5242
42,LockFree,10000,4,89,1,0,46,23,1.2653,0.6141
42,LockFree,10000,4,90,0,1,40,20,1.1949,0.5836
42,LockFree,10000,4,91,1,1,29,15,0.9335,0.4254
42,LockFree,10000,4,92,0,1,42,21,1.1712,0.5722
42,LockFree,10000,4,93,1,1,39,20,1.3555,0.6288
42,LockFree,10000,4,94,0,1,46,23,1.4455,0.7284
42,LockFree,10000,4,95,1,1,47,24,1.3065,0.6225
42,LockFree,10000,4,96,0,1,34,17,1.0669,0.5321
42,LockFree,10000,4,97,1,0,38,19,1.1547,0.5765
42,LockFree,10000,4,98,0,1,36,18,1.1411,0.5628
42,LockFree,10000,4,99,1,1,29,15,0.9713,0.4429
42,LockFree,10000,4,100,0,1,28,14,0.9317,0.4604
43,VirtualLoss,10000,2,1,1,1,31,16,1.8475,0.6285
43,VirtualLoss,10000,2,2,0,1,40,20,2.1094,0.7925
43,VirtualLoss,10000,2,3,1,1,35,18,1.8741,0.5915
43,VirtualLoss,10000,2,4,0,1,42,21,2.0777,0.6322
43,VirtualLoss,10000,2,5,1,1,33,17,1.7959,0.5695
43,VirtualLoss,10000,2,6,0,1,48,24,2.3081,0.7029
43,VirtualLoss,10000,2,7,1,1,27,14,1.4638,0.4494
43,VirtualLoss,10000,2,8,0,0,37,18,1.8637,0.6484
43,VirtualLoss,10000,2,9,1,0,44,22,2.3409,0.7764
43,VirtualLoss,10000,2,10,0,1,46,23,2.2964,0.7852
43,VirtualLoss,10000,2,11,1,1,31,16,1.8032,0.5573
43,VirtualLoss,10000,2,12,0,1,38,19,1.8627,0.6209
43,VirtualLoss,10000,2,13,1,1,33,17,1.7383,0.5389
43,VirtualLoss,10000,2,14,0,1,52,26,2.4771,0.7509
43,VirtualLoss,10000,2,15,1,0,44,22,2.1282,0.6679
43,VirtualLoss,10000,2,16,0,0,29,14,1.4330,0.4765
43,VirtualLoss,10000,2,17,1,1,43,22,2.1922,0.6942
43,VirtualLoss,10000,2,18,0,0,49,24,2.4120,0.8047
43,VirtualLoss,10000,2,19,1,1,47,24,2.6421,0.8187
43,VirtualLoss,10000,2,20,0,1,46,23,2.2934,0.8090
43,VirtualLoss,10000,2,21,1,1,29,15,1.8003,0.5754
43,VirtualLoss,10000,2,22,0,1,32,16,1.6570,0.5376
43,VirtualLoss,10000,2,23,1,1,35,18,1.8888,0.6061
43,VirtualLoss,10000,2,24,0,1,38,19,2.0235,0.6830
43,VirtualLoss,10000,2,25,1,0,32,16,1.6965,0.5781
43,VirtualLoss,10000,2,26,0,0,35,17,1.8943,0.7076
43,VirtualLoss,10000,2,27,1,1,33,17,1.9848,0.5971
43,VirtualLoss,10000,2,28,0,0,53,26,2.3776,0.7469
43,VirtualLoss,10000,2,29,1,1,27,14,1.4296,0.4148
43,VirtualLoss,10000,2,30,0,1,34,17,1.7392,0.5181
43,VirtualLoss,10000,2,31,1,1,29,15,1.5260,0.4199
43,VirtualLoss,10000,2,32,0,1,54,27,2.3767,0.7612
43,VirtualLoss,10000,2,33,1,1,27,14,1.4280,0.3837
43,VirtualLoss,10000,2,34,0,1,36,18,1.7845,0.5503
43,VirtualLoss,10000,2,35,1,1,39,20,1.9631,0.5101
43,VirtualLoss,10000,2,36,0,0,65,32,2.6787,0.8197
43,VirtualLoss,10000,2,37,1,1,27,14,1.4349,0.4232
43,VirtualLoss,10000,2,38,0,1,50,25,2.1266,0.5933
43,VirtualLoss,10000,2,39,1,0,40,20,1.9240,0.6099
43,VirtualLoss,10000,2,40,0,1,44,22,1.7582,0.5940
43,VirtualLoss,10000,2,41,1,1,33,17,1.7447,0.5172
43,VirtualLoss,10000,2,42,0,0,39,19,1.8656,0.6321
43,VirtualLoss,10000,2,43,1,1,59,30,2.6951,0.8010
43,VirtualLoss,10000,2,44,0,1,34,17,1.7624,0.5813
43,VirtualLoss,10000,2,45,1,1,47,24,2.3381,0.6574
43,VirtualLoss,10000,2,46,0,1,40,20,1.9850,0.6051
43,VirtualLoss,10000,2,47,1,1,37,19,1.9786,0.5859
43,VirtualLoss,10000,2,48,0,1,32,16,1.6618,0.5150
43,VirtualLoss,10000,2,49,1,1,25,13,1.3812,0.4385
43,VirtualLoss,10000,2,50,0,1,26,13,1.3513,0.4224
43,VirtualLoss,10000,2,51,1,1,27,14,1.4783,0.4036
43,VirtualLoss,10000,2,52,0,1,42,21,2.1023,0.6892
43,VirtualLoss,10000,2,53,1,1,35,18,1.8929,0.5491
43,VirtualLoss,10000,2,54,0,1,38,19,1.8824,0.5975
43,VirtualLoss,10000,2,55,1,1,43,22,2.2202,0.6698
43,VirtualLoss,10000,2,56,0,0,33,16,1.5791,0.5851
43,VirtualLoss,10000,2,57,1,1,47,24,2.2757,0.7101
43,VirtualLoss,10000,2,58,0,1,40,20,2.0181,0.6641
43,VirtualLoss,10000,2,59,1,0,70,35,2.8029,0.8161
43,VirtualLoss,10000,2,60,0,1,28,14,1.4795,0.4260
43,VirtualLoss,10000,2,61,1,1,37,19,1.8391,0.5378
43,VirtualLoss,10000,2,62,0,1,28,14,1.4719,0.4379
43,VirtualLoss,10000,2,63,1,1,35,18,1.8564,0.5126
43,VirtualLoss,10000,2,64,0,1,42,21,2.1530,0.7090
43,VirtualLoss,10000,2,65,1,1,37,19,1.9934,0.5782
43,VirtualLoss,10000,2,66,0,1,38,19,1.8941,0.5786
43,VirtualLoss,10000,2,67,1,1,33,17,1.6320,0.4724
43,VirtualLoss,10000,2,68,0,1,42,21,2.0144,0.5656
43,VirtualLoss,10000,2,69,1,0,44,22,2.1787,0.6796
43,VirtualLoss,10000,2,70,0,1,50,25,2.3918,0.8145
43,VirtualLoss,10000,2,71,1,1,49,25,2.4350,0.7344
43,VirtualLoss,10000,2,72,0,1,36,18,1.8438,0.6038
43,VirtualLoss,10000,2,73,1,1,39,20,1.9864,0.5743
43,VirtualLoss,10000,2,74,0,1,40,20,1.9548,0.6748
43,VirtualLoss,10000,2,75,1,1,43,22,2.1289,0.6611
43,VirtualLoss,10000,2,76,0,1,48,24,2.3708,0.7070
43,VirtualLoss,10000,2,77,1,1,35,18,1.7960,0.5089
43,VirtualLoss,10000,2,78,0,0,43,21,2.0729,0.6580
43,VirtualLoss,10000,2,79,1,0,52,26,2.4444,0.7761
43,VirtualLoss,10000,2,80,0,0,47,23,2.2002,0.7374
43,VirtualLoss,10000,2,81,1,1,43,22,2.2105,0.6733
43,VirtualLoss,10000,2,82,0,1,36,18,1.9187,0.5890
43,VirtualLoss,10000,2,83,1,0,56,28,2.8001,0.8739
43,VirtualLoss,10000,2,84,0,1,54,27,2.4814,0.7878
43,VirtualLoss,10000,2,85,1,1,37,19,1.8675,0.5641
43,VirtualLoss,10000,2,86,0,0,49,24,2.2818,0.7213
43,VirtualLoss,10000,2,87,1,0,52,26,2.4340,0.7949
43,VirtualLoss,10000,2,88,0,1,48,24,2.3355,0.7397
43,VirtualLoss,10000,2,89,1,1,49,25,2.3711,0.6933
43,VirtualLoss,10000,2,90,0,1,40,20,2.0020,0.6088
43,VirtualLoss,10000,2,91,1,1,31,16,1.6020,0.4843
43,VirtualLoss,10000,2,92,0,0,45,22,2.0917,0.6728
43,VirtualLoss,10000,2,93,1,1,31,16,1.6553,0.4733
43,VirtualLoss,10000,2,94,0,1,46,23,2.2466,0.7132
43,VirtualLoss,10000,2,95,1,1,53,27,2.5609,0.7635
43,VirtualLoss,10000,2,96,0,0,51,25,2.3824,0.8092
43,VirtualLoss,10000,2,97,1,1,39,20,1.9640,0.6359
43,VirtualLoss,10000,2,98,0,1,38,19,1.8922,0.5926
43,VirtualLoss,10000,2,99,1,1,33,17,1.7365,0.5013
43,VirtualLoss,10000,2,100,0,1,44,22,2.1577,0.7159
44,VirtualLoss,10000,3,1,1,1,29,15,1.2730,0.5158
44,VirtualLoss,10000,3,2,0,1,30,15,1.2414,0.5454
44,VirtualLoss,10000,3,3,1,1,31,16,1.2462,0.5420
44,VirtualLoss,10000,3,4,0,1,34,17,1.1792,0.5418
44,VirtualLoss,10000,3,5,1,1,41,21,1.4450,0.6032
44,VirtualLoss,10000,3,6,0,1,40,20,1.3737,0.5682
44,VirtualLoss,10000,3,7,1,1,29,15,1.1028,0.4225
44,VirtualLoss,10000,3,8,0,1,30,15,1.0535,0.4654
44,VirtualLoss,10000,3,9,1,1,27,14,0.9719,0.3823
44,VirtualLoss,10000,3,10,0,0,59,29,1.7782,0.7451
44,VirtualLoss,10000,3,11,1,1,53,27,1.7738,0.6891
44,VirtualLoss,10000,3,12,0,1,30,15,1.0472,0.4730
44,VirtualLoss,10000,3,13,1,0,56,28,1.7067,0.6705
44,VirtualLoss,10000,3,14,0,0,43,21,1.3498,0.5741
44,VirtualLoss,10000,3,15,1,1,39,20,1.3821,0.5773
44,VirtualLoss,10000,3,16,0,1,34,17,1.2197,0.6037
44,VirtualLoss,10000,3,17,1,1,25,13,0.9264,0.4169
44,VirtualLoss,10000,3,18,0,1,36,18,1.3071,0.5180
44,VirtualLoss,10000,3,19,1,1,39,20,1.3666,0.5714
44,VirtualLoss,10000,3,20,0,1,34,17,1.1987,0.5236
44,VirtualLoss,10000,3,21,1,1,31,16,1.0907,0.4406
44,VirtualLoss,10000,3,22,0,1,30,15,1.0723,0.4385
44,VirtualLoss,10000,3,23,1,1,35,18,1.2466,0.4895
44,VirtualLoss,10000,3,24,0,1,54,27,1.6587,0.7111
44,VirtualLoss,10000,3,25,1,1,51,26,1.6875,0.7597
44,VirtualLoss,10000,3,26,0,0,53,26,1.6113,0.6525
44,VirtualLoss,10000,3,27,1,0,44,22,1.4480,0.6057
44,VirtualLoss,10000,3,28,0,1,34,17,1.1650,0.4663
44,VirtualLoss,10000,3,29,1,1,41,21,1.3902,0.5201
44,VirtualLoss,10000,3,30,0,1,38,19,1.3144,0.5769
44,VirtualLoss,10000,3,31,1,1,31,16,1.1052,0.4454
44,VirtualLoss,10000,3,32,0,1,48,24,1.5238,0.6378
44,VirtualLoss,10000,3,33,1,1,45,23,1.5544,0.6383
44,VirtualLoss,10000,3,34,0,1,36,18,1.2536,0.5357
44,VirtualLoss,10000,3,35,1,1,53,27,1.6822,0.6710
44,VirtualLoss,10000,3,36,0,1,28,14,1.0378,0.4444
44,VirtualLoss,10000,3,37,1,1,35,18,1.2129,0.4960
44,VirtualLoss,10000,3,38,0,0,33,16,1.0788,0.5460
44,VirtualLoss,10000,3,39,1,1,53,27,1.6507,0.6347
44,VirtualLoss,10000,3,40,0,1,40,20,1.3615,0.5615
44,VirtualLoss,10000,3,41,1,1,47,24,1.6075,0.6592
44,VirtualLoss,10000,3,42,0,1,30,15,1.1080,0.5092
44,VirtualLoss,10000,3,43,1,1,37,19,1.3073,0.5864
44,VirtualLoss,10000,3,44,0,1,34,17,1.1577,0.4755
44,VirtualLoss,10000,3,45,1,1,45,23,1.5403,0.6213
44,VirtualLoss,10000,3,46,0,1,40,20,1.3639,0.5681
44,VirtualLoss,10000,3,47,1,1,39,20,1.3391,0.5413
44,VirtualLoss,10000,3,48,0,1,46,23,1.4589,0.6732
44,VirtualLoss,10000,3,49,1,1,33,17,1.2550,0.5069
44,VirtualLoss,10000,3,50,0,0,45,22,1.4762,0.6357
44,VirtualLoss,10000,3,51,1,1,37,19,1.3309,0.5468
44,VirtualLoss,10000,3,52,0,1,56,28,1.6945,0.7140
44,VirtualLoss,10000,3,53,1,1,33,17,1.1776,0.4809
44,VirtualLoss,10000,3,54,0,1,38,19,1.2668,0.5612
44,VirtualLoss,10000,3,55,1,1,53,27,1.6442,0.6609
44,VirtualLoss,10000,3,56,0,0,35,17,1.1383,0.5374
44,VirtualLoss,10000,3,57,1,1,43,22,1.4645,0.5908
44,VirtualLoss,10000,3,58,0,0,41,20,1.3644,0.5789
44,VirtualLoss,10000,3,59,1,1,45,23,1.5365,0.6895
44,VirtualLoss,10000,3,60,0,1,38,19,1.2708,0.5572
44,VirtualLoss,10000,3,61,1,1,39,20,1.3470,0.5493
44,VirtualLoss,10000,3,62,0,1,36,18,1.2428,0.5502
44,VirtualLoss,10000,3,63,1,1,49,25,1.5952,0.6719
44,VirtualLoss,10000,3,64,0,0,41,20,1.3895,0.6250
44,VirtualLoss,10000,3,65,1,1,37,19,1.2868,0.5376
44,VirtualLoss,10000,3,66,0,0,61,30,1.8253,0.8150
44,VirtualLoss,10000,3,67,1,1,23,12,0.8773,0.3936
44,VirtualLoss,10000,3,68,0,1,32,16,1.0751,0.5019
44,VirtualLoss,10000,3,69,1,1,49,25,1.6459,0.7055
44,VirtualLoss,10000,3,70,0,1,44,22,1.4545,0.5882
44,VirtualLoss,10000,3,71,1,1,45,23,1.5774,0.6245
44,VirtualLoss,10000,3,72,0,1,28,14,1.0027,0.4036
44,VirtualLoss,10000,3,73,1,0,40,20,1.3222,0.5643
44,VirtualLoss,10000,3,74,0,1,44,22,1.4348,0.5774
44,VirtualLoss,10000,3,75,1,1,41,21,1.3897,0.5806
44,VirtualLoss,10000,3,76,0,0,49,24,1.5532,0.6490
44,VirtualLoss,10000,3,77,1,1,41,21,1.4297,0.5937
44,VirtualLoss,10000,3,78,0,1,32,16,1.1540,0.4844
44,VirtualLoss,10000,3,79,1,1,49,25,1.7235,0.7040
44,VirtualLoss,10000,3,80,0,1,54,27,1.6990,0.7519
44,VirtualLoss,10000,3,81,1,1,39,20,1.3422,0.5834
44,VirtualLoss,10000,3,82,0,0,51,25,1.4907,0.7281
44,VirtualLoss,10000,3,83,1,1,37,19,1.3932,0.5756
44,VirtualLoss,10000,3,84,0,1,26,13,0.9766,0.4262
44,VirtualLoss,10000,3,85,1,0,50,25,1.5696,0.6972
44,VirtualLoss,10000,3,86,0,1,42,21,1.4038,0.5810
44,VirtualLoss,10000,3,87,1,1,37,19,1.2817,0.5217
44,VirtualLoss,10000,3,88,0,1,32,16,1.1287,0.4711
44,VirtualLoss,10000,3,89,1,1,27,14,1.0255,0.3932
44,VirtualLoss,10000,3,90,0,1,52,26,1.6463,0.6927
44,VirtualLoss,10000,3,91,1,1,35,18,1.2432,0.5040
44,VirtualLoss,10000,3,92,0,1,30,15,1.1353,0.5204
44,VirtualLoss,10000,3,93,1,1,49,25,1.5932,0.6061
44,VirtualLoss,10000,3,94,0,1,38,19,1.2961,0.5893
44,VirtualLoss,10000,3,95,1,1,31,16,1.1566,0.4574
44,VirtualLoss,10000,3,96,0,0,69,34,1.8645,0.8135
44,VirtualLoss,10000,3,97,1,1,41,21,1.4250,0.6231
44,VirtualLoss,10000,3,98,0,0,41,20,1.3381,0.6045
44,VirtualLoss,10000,3,99,1,1,31,16,1.1735,0.4752
44,VirtualLoss,10000,3,100,0,0,41,20,1.3196,0.5810
45,VirtualLoss,10000,4,1,1,1,47,24,1.3877,0.6553
45,VirtualLoss,10000,4,2,0,1,38,19,1.0024,0.5078
45,VirtualLoss,10000,4,3,1,0,60,30,1.4443,0.7233
45,VirtualLoss,10000,4,4,0,1,48,24,1.1943,0.6020
45,VirtualLoss,10000,4,5,1,0,40,20,1.0850,0.5450
45,VirtualLoss,10000,4,6,0,1,36,18,0.9751,0.4807
45,VirtualLoss,10000,4,7,1,0,48,24,1.2812,0.6417
45,VirtualLoss,10000,4,8,0,0,41,20,1.0649,0.5651
45,VirtualLoss,10000,4,9,1,1,31,16,0.8322,0.3889
45,VirtualLoss,10000,4,10,0,1,46,23,1.2043,0.5985
45,VirtualLoss,10000,4,11,1,1,43,22,1.1180,0.5186
45,VirtualLoss,10000,4,12,0,1,48,24,1.2584,0.6324
45,VirtualLoss,10000,4,13,1,1,37,19,1.0243,0.4766
45,VirtualLoss,10000,4,14,0,1,36,18,1.0023,0.4990
45,VirtualLoss,10000,4,15,1,1,41,21,1.1390,0.5320
45,VirtualLoss,10000,4,16,0,1,34,17,0.8980,0.4534
45,VirtualLoss,10000,4,17,1,1,35,18,0.9686,0.4542
45,VirtualLoss,10000,4,18,0,1,36,18,1.0472,0.5292
45,VirtualLoss,10000,4,19,1,1,29,15,0.8391,0.3862
45,VirtualLoss,10000,4,20,0,0,37,18,0.9850,0.5329
45,VirtualLoss,10000,4,21,1,0,48,24,1.2314,0.6025
45,VirtualLoss,10000,4,22,0,1,56,28,1.2898,0.6508
45,VirtualLoss,10000,4,23,1,1,49,25,1.2831,0.6081
45,VirtualLoss,10000,4,24,0,1,38,19,1.0441,0.5209
45,VirtualLoss,10000,4,25,1,0,38,19,1.0223,0.5096
45,VirtualLoss,10000,4,26,0,1,42,21,1.1548,0.5785
45,VirtualLoss,10000,4,27,1,1,67,34,1.5733,0.7454
45,VirtualLoss,10000,4,28,0,1,42,21,1.2864,0.6544
45,VirtualLoss,10000,4,29,1,1,47,24,1.5156,0.7456
45,VirtualLoss,10000,4,30,0,1,44,22,1.5410,0.7703
45,VirtualLoss,10000,4,31,1,1,31,16,0.8742,0.4081
45,VirtualLoss,10000,4,32,0,1,42,21,1.1446,0.5681
45,VirtualLoss,10000,4,33,1,1,27,14,0.7663,0.3476
45,VirtualLoss,10000,4,34,0,0,33,16,0.8081,0.4367
45,VirtualLoss,10000,4,35,1,1,39,20,1.0528,0.4898
45,VirtualLoss,10000,4,36,0,1,44,22,1.1569,0.5735
45,VirtualLoss,10000,4,37,1,1,35,18,0.9755,0.4543
45,VirtualLoss,10000,4,38,0,1,32,16,0.8724,0.4342
45,VirtualLoss,10000,4,39,1,0,50,25,1.3254,0.6522
45,VirtualLoss,10000,4,40,0,1,26,13,0.7422,0.3718
45,VirtualLoss,10000,4,41,1,1,45,23,1.0967,0.5194
45,VirtualLoss,10000,4,42,0,1,50,25,1.2588,0.6369
45,VirtualLoss,10000,4,43,1,1,41,21,1.0594,0.4963
45,VirtualLoss,10000,4,44,0,1,38,19,0.9878,0.4944
45,VirtualLoss,10000,4,45,1,1,33,17,0.9614,0.4470
45,VirtualLoss,10000,4,46,0,1,28,14,0.8304,0.4126
45,VirtualLoss,10000,4,47,1,1,33,17,0.9251,0.4318
45,VirtualLoss,10000,4,48,0,1,38,19,1.0458,0.5245
45,VirtualLoss,10000,4,49,1,0,44,22,1.2122,0.5993
45,VirtualLoss,10000,4,50,0,1,50,25,1.2347,0.6190
45,VirtualLoss,10000,4,51,1,1,27,14,0.7818,0.3605
45,VirtualLoss,10000,4,52,0,1,36,18,0.9789,0.4871
45,VirtualLoss,10000,4,53,1,1,39,20,1.2023,0.5744
45,VirtualLoss,10000,4,54,0,1,34,17,0.9616,0.4855
45,VirtualLoss,10000,4,55,1,1,43,22,1.1875,0.5664
45,VirtualLoss,10000,4,56,0,1,42,21,1.0818,0.5287
45,VirtualLoss,10000,4,57,1,1,39,20,1.4381,0.6873
45,VirtualLoss,10000,4,58,0,1,30,15,0.9279,0.4627
45,VirtualLoss,10000,4,59,1,1,47,24,1.2199,0.5746
45,VirtualLoss,10000,4,60,0,1,28,14,0.8346,0.4153
45,VirtualLoss,10000,4,61,1,1,41,21,1.1392,0.5395
45,VirtualLoss,10000,4,62,0,1,60,30,1.4647,0.7406
45,VirtualLoss,10000,4,63,1,0,54,27,1.3294,0.6416
45,VirtualLoss,10000,4,64,0,1,44,22,1.1540,0.5847
45,VirtualLoss,10000,4,65,1,0,44,22,1.2310,0.5990
45,VirtualLoss,10000,4,66,0,1,40,20,1.1081,0.5707
45,VirtualLoss,10000,4,67,1,1,29,15,1.0033,0.4626
45,VirtualLoss,10000,4,68,0,1,44,22,1.3107,0.6485
45,VirtualLoss,10000,4,69,1,1,33,17,1.1721,0.5376
45,VirtualLoss,10000,4,70,0,0,53,26,1.3334,0.6820
45,VirtualLoss,10000,4,71,1,1,39,20,1.0653,0.5086
45,VirtualLoss,10000,4,72,0,1,38,19,1.2241,0.6248
45,VirtualLoss,10000,4,73,1,1,39,20,1.3344,0.6446
45,VirtualLoss,10000,4,74,0,1,24,12,0.7242,0.3506
45,VirtualLoss,10000,4,75,1,1,33,17,1.0395,0.4825
45,VirtualLoss,10000,4,76,0,1,44,22,1.2994,0.6375
45,VirtualLoss,10000,4,77,1,1,55,28,1.3579,0.6478
45,VirtualLoss,10000,4,78,0,1,34,17,0.9378,0.4696
45,VirtualLoss,10000,4,79,1,0,42,21,1.1494,0.5700
45,VirtualLoss,10000,4,80,0,1,44,22,1.1441,0.5734
45,VirtualLoss,10000,4,81,1,1,51,26,1.4177,0.6786
45,VirtualLoss,10000,4,82,0,1,30,15,0.9245,0.4545
45,VirtualLoss,10000,4,83,1,1,29,15,0.8671,0.3852
45,VirtualLoss,10000,4,84,0,1,48,24,1.4049,0.7072
45,VirtualLoss,10000,4,85,1,0,46,23,1.2139,0.5913
45,VirtualLoss,10000,4,86,0,1,24,12,0.6718,0.3314
45,VirtualLoss,10000,4,87,1,1,35,18,1.0357,0.4772
45,VirtualLoss,10000,4,88,0,1,28,14,0.8299,0.4120
45,VirtualLoss,10000,4,89,1,1,33,17,0.9477,0.4406
45,VirtualLoss,10000,4,90,0,1,30,15,0.8530,0.4294
45,VirtualLoss,10000,4,91,1,1,59,30,1.4769,0.7067
45,VirtualLoss,10000,4,92,0,0,67,33,1.4756,0.7492
45,VirtualLoss,10000,4,93,1,1,47,24,1.2564,0.5953
45,VirtualLoss,10000,4,94,0,1,42,21,1.0269,0.5048
45,VirtualLoss,10000,4,95,1,1,29,15,0.8776,0.4058
45,VirtualLoss,10000,4,96,0,0,53,26,1.3712,0.7088
45,VirtualLoss,10000,4,97,1,1,43,22,1.2468,0.5843
45,VirtualLoss,10000,4,98,0,0,45,22,1.1780,0.6199
45,VirtualLoss,10000,4,99,1,1,29,15,0.8251,0.3796
45,VirtualLoss,10000,4,100,0,0,43,21,1.1198,0.5850
46,Task,10000,2,1,1,1,39,20,2.0043,0.6088
46,Task,10000,2,2,0,1,40,20,2.0330,0.5930
46,Task,10000,2,3,1,1,49,25,2.3598,0.6431
46,Task,10000,2,4,0,0,51,25,2.3514,0.7343
46,Task,10000,2,5,1,1,41,21,2.1051,0.6562
46,Task,10000,2,6,0,1,54,27,2.5165,0.7180
46,Task,10000,2,7,1,0,34,17,1.8209,0.5798
46,Task,10000,2,8,0,1,42,21,2.2238,0.7157
46,Task,10000,2,9,1,1,47,24,2.3127,0.7081
46,Task,10000,2,10,0,1,38,19,1.9551,0.5980
46,Task,10000,2,11,1,0,60,30,2.7533,0.8688
46,Task,10000,2,12,0,1,40,20,2.1255,0.6848
46,Task,10000,2,13,1,1,25,13,1.3919,0.4120
46,Task,10000,2,14,0,1,42,21,2.1358,0.6474
46,Task,10000,2,15,1,1,29,15,1.5885,0.4556
46,Task,10000,2,16,0,1,40,20,2.0172,0.6309
46,Task,10000,2,17,1,0,52,26,2.4818,0.7275
46,Task,10000,2,18,0,1,40,20,2.0991,0.6242
46,Task,10000,2,19,1,1,37,19,2.0745,0.5827
46,Task,10000,2,20,0,1,38,19,1.8933,0.5969
46,Task,10000,2,21,1,1,43,22,2.1886,0.6399
46,Task,10000,2,22,0,1,64,32,2.7760,0.8110
46,Task,10000,2,23,1,1,29,15,1.5167,0.4671
46,Task,10000,2,24,0,1,40,20,2.0452,0.6693
46,Task,10000,2,25,1,1,33,17,1.7830,0.5121
46,Task,10000,2,26,0,1,36,18,1.8084,0.5981
46,Task,10000,2,27,1,1,43,22,2.1511,0.6964
46,Task,10000,2,28,0,1,58,29,2.5192,0.8028
46,Task,10000,2,29,1,1,43,22,2.1882,0.6650
46,Task,10000,2,30,0,1,48,24,2.2931,0.6454
46,Task,10000,2,31,1,1,29,15,1.5706,0.4675
46,Task,10000,2,32,0,1,42,21,2.0612,0.6784
46,Task,10000,2,33,1,1,41,21,2.1106,0.6556
46,Task,10000,2,34,0,0,51,25,2.1904,0.7453
46,Task,10000,2,35,1,1,25,13,1.4269,0.4219
46,Task,10000,2,36,0,1,34,17,1.7345,0.5540
46,Task,10000,2,37,1,0,52,26,2.5216,0.8320
46,Task,10000,2,38,0,1,44,22,2.0659,0.6827
46,Task,10000,2,39,1,1,39,20,2.1869,0.7253
46,Task,10000,2,40,0,1,44,22,2.2566,0.7647
46,Task,10000,2,41,1,0,42,21,2.1810,0.6496
46,Task,10000,2,42,0,1,38,19,2.1222,0.6411
46,Task,10000,2,43,1,1,41,21,2.2234,0.7346
46,Task,10000,2,44,0,1,38,19,1.9875,0.6285
46,Task,10000,2,45,1,1,33,17,1.9310,0.5788
46,Task,10000,2,46,0,1,44,22,2.3309,0.7864
46,Task,10000,2,47,1,1,35,18,2.1965,0.7542
46,Task,10000,2,48,0,1,32,16,1.6642,0.5470
46,Task,10000,2,49,1,1,43,22,2.2617,0.7375
46,Task,10000,2,50,0,0,41,20,2.1362,0.6887
46,Task,10000,2,51,1,1,43,22,2.2734,0.6553
46,Task,10000,2,52,0,0,61,30,2.7281,0.9106
46,Task,10000,2,53,1,1,31,16,1.7300,0.5097
46,Task,10000,2,54,0,1,40,20,2.2380,0.7529
46,Task,10000,2,55,1,1,41,21,2.0970,0.6476
46,Task,10000,2,56,0,1,42,21,2.0578,0.6709
46,Task,10000,2,57,1,1,35,18,1.9549,0.5953
46,Task,10000,2,58,0,1,38,19,2.0786,0.7173
46,Task,10000,2,59,1,1,27,14,1.5902,0.4821
46,Task,10000,2,60,0,1,44,22,2.3513,0.7840
46,Task,10000,2,61,1,1,41,21,2.1429,0.6433
46,Task,10000,2,62,0,1,42,21,2.1859,0.7136
46,Task,10000,2,63,1,1,41,21,2.2039,0.6587
46,Task,10000,2,64,0,0,57,28,2.5077,0.8443
46,Task,10000,2,65,1,1,47,24,2.3634,0.6638
46,Task,10000,2,66,0,0,61,30,2.7518,0.8558
46,Task,10000,2,67,1,1,51,26,2.4796,0.6815
46,Task,10000,2,68,0,0,55,27,2.5749,0.7994
46,Task,10000,2,69,1,1,37,19,1.9709,0.6038
46,Task,10000,2,70,0,0,69,34,2.9538,0.9408
46,Task,10000,2,71,1,1,47,24,2.4146,0.6980
46,Task,10000,2,72,0,1,46,23,2.2147,0.7030
46,Task,10000,2,73,1,1,41,21,2.0974,0.6182
46,Task,10000,2,74,0,1,30,15,1.6559,0.5531
46,Task,10000,2,75,1,1,33,17,1.9091,0.6042
46,Task,10000,2,76,0,1,64,32,2.8920,0.9058
46,Task,10000,2,77,1,0,54,27,2.6530,0.8841
46,Task,10000,2,78,0,1,40,20,2.1560,0.6902
46,Task,10000,2,79,1,0,46,23,2.4686,0.8382
46,Task,10000,2,80,0,1,28,14,1.5582,0.5137
46,Task,10000,2,81,1,1,35,18,1.8986,0.5956
46,Task,10000,2,82,0,1,40,20,2.4005,0.7696
46,Task,10000,2,83,1,0,38,19,2.1636,0.6808
46,Task,10000,2,84,0,1,40,20,2.1051,0.6861
46,Task,10000,2,85,1,0,52,26,2.3421,0.7487
46,Task,10000,2,86,0,0,43,21,2.0895,0.7151
46,Task,10000,2,87,1,1,41,21,2.1445,0.6308
46,Task,10000,2,88,0,1,36,18,1.8996,0.5726
46,Task,10000,2,89,1,1,33,17,1.8211,0.5452
46,Task,10000,2,90,0,1,36,18,1.9228,0.6480
46,Task,10000,2,91,1,1,45,23,2.3318,0.6203
46,Task,10000,2,92,0,0,53,26,2.3451,0.6885
46,Task,10000,2,93,1,0,44,22,2.1677,0.6988
46,Task,10000,2,94,0,1,40,20,2.0322,0.6329
46,Task,10000,2,95,1,1,27,14,1.5684,0.4785
46,Task,10000,2,96,0,1,44,22,2.1104,0.6863
46,Task,10000,2,97,1,0,44,22,2.2293,0.7205
46,Task,10000,2,98,0,1,34,17,1.8300,0.5935
46,Task,10000,2,99,1,1,27,14,1.4842,0.4500
46,Task,10000,2,100,0,1,38,19,1.9054,0.6370
47,Task,10000,3,1,1,1,37,19,1.2899,0.5089
47,Task,10000,3,2,0,1,46,23,1.6974,0.7363
47,Task,10000,3,3,1,1,33,17,1.3067,0.5765
47,Task,10000,3,4,0,1,40,20,1.4381,0.6243
47,Task,10000,3,5,1,1,47,24,1.6931,0.6512
47,Task,10000,3,6,0,1,30,15,1.0862,0.4302
47,Task,10000,3,7,1,1,31,16,1.1941,0.5111
47,Task,10000,3,8,0,1,68,34,2.0005,0.8889
47,Task,10000,3,9,1,1,47,24,1.6198,0.6687
47,Task,10000,3,10,0,1,36,18,1.2471,0.5181
47,Task,10000,3,11,1,0,42,21,1.3700,0.5690
47,Task,10000,3,12,0,0,41,20,1.3941,0.5672
47,Task,10000,3,13,1,1,45,23,1.4548,0.5483
47,Task,10000,3,14,0,1,56,28,1.7430,0.6903
47,Task,10000,3,15,1,1,41,21,1.4793,0.5671
47,Task,10000,3,16,0,1,36,18,1.2327,0.5132
47,Task,10000,3,17,1,0,50,25,1.6655,0.7575
47,Task,10000,3,18,0,1,30,15,1.1355,0.4871
47,Task,10000,3,19,1,1,37,19,1.3388,0.5139
47,Task,10000,3,20,0,1,40,20,1.3951,0.5792
47,Task,10000,3,21,1,1,49,25,1.6168,0.6531
47,Task,10000,3,22,0,1,24,12,0.8539,0.3397
47,Task,10000,3,23,1,1,29,15,1.1017,0.4518
47,Task,10000,3,24,0,1,54,27,1.7042,0.7405
47,Task,10000,3,25,1,1,39,20,1.3653,0.5385
47,Task,10000,3,26,0,0,53,26,1.7202,0.7338
47,Task,10000,3,27,1,1,31,16,1.1852,0.4807
47,Task,10000,3,28,0,1,28,14,1.0191,0.4269
47,Task,10000,3,29,1,1,51,26,1.7674,0.7831
47,Task,10000,3,30,0,1,24,12,0.8784,0.4179
47,Task,10000,3,31,1,1,35,18,1.2455,0.5090
47,Task,10000,3,32,0,1,44,22,1.4588,0.6580
47,Task,10000,3,33,1,1,37,19,1.3360,0.5414
47,Task,10000,3,34,0,1,34,17,1.2038,0.5829
47,Task,10000,3,35,1,1,33,17,1.2163,0.4587
47,Task,10000,3,36,0,1,44,22,1.4553,0.6053
47,Task,10000,3,37,1,1,29,15,1.1128,0.3997
47,Task,10000,3,38,0,0,45,22,1.5535,0.7031
47,Task,10000,3,39,1,1,35,18,1.2786,0.5370
47,Task,10000,3,40,0,1,38,19,1.3122,0.5973
47,Task,10000,3,41,1,1,31,16,1.1799,0.4827
47,Task,10000,3,42,0,0,55,27,1.6380,0.7268
47,Task,10000,3,43,1,1,67,34,2.0462,0.8659
47,Task,10000,3,44,0,1,38,19,1.3242,0.5403
47,Task,10000,3,45,1,1,57,29,1.7023,0.6843
47,Task,10000,3,46,0,1,36,18,1.2675,0.5257
47,Task,10000,3,47,1,1,39,20,1.3622,0.5290
47,Task,10000,3,48,0,1,56,28,1.9159,0.8274
47,Task,10000,3,49,1,1,29,15,1.0898,0.5023
47,Task,10000,3,50,0,0,39,19,1.4033,0.6090
47,Task,10000,3,51,1,1,37,19,1.6016,0.6474
47,Task,10000,3,52,0,1,32,16,1.4228,0.6502
47,Task,10000,3,53,1,1,33,17,1.2949,0.5542
47,Task,10000,3,54,0,0,35,17,1.2711,0.6116
47,Task,10000,3,55,1,0,46,23,1.6408,0.7064
47,Task,10000,3,56,0,1,34,17,1.5297,0.7116
47,Task,10000,3,57,1,1,45,23,1.7987,0.7642
47,Task,10000,3,58,0,1,30,15,1.2024,0.5497
47,Task,10000,3,59,1,1,29,15,1.2134,0.5028
47,Task,10000,3,60,0,1,44,22,1.5242,0.7036
47,Task,10000,3,61,1,1,39,20,1.4005,0.5404
47,Task,10000,3,62,0,1,36,18,1.3204,0.5631
47,Task,10000,3,63,1,1,45,23,1.6032,0.6665
47,Task,10000,3,64,0,0,41,20,1.3887,0.5956
47,Task,10000,3,65,1,1,49,25,1.7123,0.7114
47,Task,10000,3,66,0,1,38,19,1.5274,0.6339
47,Task,10000,3,67,1,1,47,24,1.7769,0.7127
47,Task,10000,3,68,0,1,42,21,1.4898,0.6629
47,Task,10000,3,69,1,0,48,24,1.6474,0.7550
47,Task,10000,3,70,0,1,42,21,1.6359,0.7134
47,Task,10000,3,71,1,0,32,16,1.1758,0.5358
47,Task,10000,3,72,0,1,40,20,1.4716,0.6580
47,Task,10000,3,73,1,1,41,21,1.4500,0.5702
47,Task,10000,3,74,0,0,45,22,1.5556,0.6650
47,Task,10000,3,75,1,1,39,20,1.4590,0.5656
47,Task,10000,3,76,0,1,38,19,1.5087,0.6896
47,Task,10000,3,77,1,1,35,18,1.5117,0.6281
47,Task,10000,3,78,0,1,28,14,1.0955,0.4748
47,Task,10000,3,79,1,1,33,17,1.3081,0.5372
47,Task,10000,3,80,0,1,38,19,1.3772,0.6658
47,Task,10000,3,81,1,0,38,19,1.4477,0.6644
47,Task,10000,3,82,0,1,48,24,1.8709,0.8565
47,Task,10000,3,83,1,1,33,17,1.3346,0.5788
47,Task,10000,3,84,0,1,34,17,1.2653,0.5679
47,Task,10000,3,85,1,1,35,18,1.7766,0.7922
47,Task,10000,3,86,0,1,38,19,1.5147,0.6575
47,Task,10000,3,87,1,1,35,18,1.5190,0.6351
47,Task,10000,3,88,0,1,46,23,1.7052,0.8324
47,Task,10000,3,89,1,1,35,18,1.4474,0.6469
47,Task,10000,3,90,0,1,36,18,1.3608,0.5888
47,Task,10000,3,91,1,0,36,18,1.2986,0.5713
47,Task,10000,3,92,0,1,38,19,1.3356,0.5962
47,Task,10000,3,93,1,1,49,25,1.5434,0.6341
47,Task,10000,3,94,0,1,40,20,1.3795,0.6032
47,Task,10000,3,95,1,1,43,22,1.4781,0.5495
47,Task,10000,3,96,0,1,40,20,1.4238,0.5865
47,Task,10000,3,97,1,1,27,14,1.0138,0.3924
47,Task,10000,3,98,0,1,36,18,1.2482,0.5377
47,Task,10000,3,99,1,1,37,19,1.3356,0.5341
47,Task,10000,3,100,0,0,71,35,1.9256,0.7766
48,Task,10000,4,1,1,1,33,17,0.9895,0.4696
48,Task,10000,4,2,0,0,37,18,0.9725,0.5104
48,Task,10000,4,3,1,1,39,20,1.1159,0.5312
48,Task,10000,4,4,0,1,40,20,1.1057,0.5453
48,Task,10000,4,5,1,1,45,23,1.2333,0.5790
48,Task,10000,4,6,0,1,34,17,0.9772,0.4827
48,Task,10000,4,7,1,1,53,27,1.3399,0.6296
48,Task,10000,4,8,0,1,32,16,0.8712,0.4276
48,Task,10000,4,9,1,1,21,11,0.6267,0.2729
48,Task,10000,4,10,0,1,32,16,0.8716,0.4266
48,Task,10000,4,11,1,1,35,18,0.9839,0.4550
48,Task,10000,4,12,0,1,30,15,0.8472,0.4218
48,Task,10000,4,13,1,1,25,13,0.7687,0.3519
48,Task,10000,4,14,0,0,47,23,1.1740,0.6061
48,Task,10000,4,15,1,1,33,17,0.9558,0.4492
48,Task,10000,4,16,0,1,38,19,1.0168,0.5095
48,Task,10000,4,17,1,1,31,16,0.9568,0.4453
48,Task,10000,4,18,0,1,42,21,1.1502,0.5763
48,Task,10000,4,19,1,1,43,22,1.2719,0.6027
48,Task,10000,4,20,0,1,38,19,1.0136,0.5240
48,Task,10000,4,21,1,1,49,25,1.2036,0.5663
48,Task,10000,4,22,0,0,51,25,1.2684,0.6524
48,Task,10000,4,23,1,0,50,25,1.4681,0.7743
48,Task,10000,4,24,0,1,48,24,1.3916,0.7013
48,Task,10000,4,25,1,0,58,29,1.4580,0.7077
48,Task,10000,4,26,0,1,38,19,1.0121,0.5111
48,Task,10000,4,27,1,1,43,22,1.2327,0.5717
48,Task,10000,4,28,0,1,46,23,1.2140,0.6055
48,Task,10000,4,29,1,1,49,25,1.2495,0.5829
48,Task,10000,4,30,0,0,43,21,1.2208,0.6385
48,Task,10000,4,31,1,1,33,17,0.9864,0.4579
48,Task,10000,4,32,0,1,34,17,1.0303,0.5481
48,Task,10000,4,33,1,1,37,19,1.0346,0.4734
48,Task,10000,4,34,0,1,46,23,1.2425,0.6527
48,Task,10000,4,35,1,1,49,25,1.3173,0.6356
48,Task,10000,4,36,0,1,34,17,0.9682,0.4829
48,Task,10000,4,37,1,1,35,18,1.0669,0.5004
48,Task,10000,4,38,0,1,54,27,1.3878,0.6655
48,Task,10000,4,39,1,1,41,21,1.2767,0.6350
48,Task,10000,4,40,0,1,46,23,1.2953,0.6425
48,Task,10000,4,41,1,1,33,17,0.9580,0.4424
48,Task,10000,4,42,0,1,48,24,1.2431,0.6178
48,Task,10000,4,43,1,1,29,15,0.8493,0.3894
48,Task,10000,4,44,0,1,44,22,1.1764,0.5800
48,Task,10000,4,45,1,1,35,18,1.0351,0.4787
48,Task,10000,4,46,0,1,34,17,0.9854,0.4893
48,Task,10000,4,47,1,1,57,29,1.6641,0.8084
48,Task,10000,4,48,0,1,56,28,1.6169,0.8595
48,Task,10000,4,49,1,1,33,17,1.3401,0.6672
48,Task,10000,4,50,0,1,30,15,0.9661,0.5277
48,Task,10000,4,51,1,1,57,29,1.5733,0.7819
48,Task,10000,4,52,0,1,38,19,1.3025,0.7473
48,Task,10000,4,53,1,0,42,21,1.3352,0.6950
48,Task,10000,4,54,0,0,37,18,1.0420,0.5602
48,Task,10000,4,55,1,1,51,26,1.4317,0.6929
48,Task,10000,4,56,0,1,32,16,0.9374,0.4818
48,Task,10000,4,57,1,1,43,22,1.2466,0.5906
48,Task,10000,4,58,0,0,47,23,1.3469,0.7500
48,Task,10000,4,59,1,1,39,20,1.1573,0.5410
48,Task,10000,4,60,0,1,46,23,1.3581,0.6989
48,Task,10000,4,61,1,1,29,15,0.9833,0.5181
48,Task,10000,4,62,0,1,40,20,1.1415,0.5786
48,Task,10000,4,63,1,0,32,16,0.9173,0.4535
48,Task,10000,4,64,0,1,36,18,1.0343,0.5106
48,Task,10000,4,65,1,1,33,17,1.0246,0.4876
48,Task,10000,4,66,0,0,35,17,1.0405,0.5715
48,Task,10000,4,67,1,1,41,21,1.1792,0.5596
48,Task,10000,4,68,0,1,38,19,1.0675,0.5304
48,Task,10000,4,69,1,1,45,23,1.2305,0.5731
48,Task,10000,4,70,0,0,51,25,1.2273,0.6311
48,Task,10000,4,71,1,1,39,20,1.0767,0.5002
48,Task,10000,4,72,0,1,38,19,1.0688,0.5352
48,Task,10000,4,73,1,1,25,13,0.7667,0.3484
48,Task,10000,4,74,0,1,32,16,0.9048,0.4485
48,Task,10000,4,75,1,0,34,17,1.0020,0.5103
48,Task,10000,4,76,0,1,44,22,1.1191,0.5469
48,Task,10000,4,77,1,1,33,17,0.9396,0.4343
48,Task,10000,4,78,0,0,49,24,1.2350,0.6362
48,Task,10000,4,79,1,1,41,21,1.1283,0.5254
48,Task,10000,4,80,0,1,44,22,1.1427,0.5631
48,Task,10000,4,81,1,0,38,19,1.0285,0.5099
48,Task,10000,4,82,0,1,42,21,1.1417,0.5812
48,Task,10000,4,83,1,1,31,16,0.9241,0.4330
48,Task,10000,4,84,0,1,52,26,1.3277,0.6715
48,Task,10000,4,85,1,1,39,20,1.1127,0.5368
48,Task,10000,4,86,0,1,40,20,1.1378,0.5780
48,Task,10000,4,87,1,1,49,25,1.3374,0.6586
48,Task,10000,4,88,0,1,46,23,1.2823,0.6499
48,Task,10000,4,89,1,0,34,17,1.0171,0.5112
48,Task,10000,4,90,0,0,47,23,1.2953,0.6691
48,Task,10000,4,91,1,0,36,18,0.9991,0.5008
48,Task,10000,4,92,0,1,46,23,1.2903,0.6337
48,Task,10000,4,93,1,1,39,20,1.1049,0.5165
48,Task,10000,4,94,0,0,47,23,1.2120,0.6355
48,Task,10000,4,95,1,0,62,31,1.5829,0.7907
48,Task,10000,4,96,0,1,44,22,1.2060,0.6080
48,Task,10000,4,97,1,1,49,25,1.4033,0.6581
48,Task,10000,4,98,0,1,36,18,1.0022,0.5006
48,Task,10000,4,99,1,1,43,22,1.1769,0.5568
48,Task,10000,4,100,0,1,26,13,0.7494,0.3716
